"Date","Price","Open","High","Low","Vol.","Change %"
"12/20/2022","22,000.0","22,450.0","22,450.0","21,250.0","9.97M","-2.22%"
"12/19/2022","22,500.0","22,950.0","23,300.0","22,500.0","7.14M","-2.17%"
"12/16/2022","23,000.0","22,750.0","23,550.0","22,500.0","4.77M","0.00%"
"12/15/2022","23,000.0","22,650.0","23,600.0","22,500.0","13.10M","0.88%"
"12/14/2022","22,800.0","23,400.0","23,400.0","22,600.0","5.66M","-0.87%"
"12/13/2022","23,000.0","22,600.0","23,000.0","22,500.0","9.69M","0.44%"
"12/12/2022","22,900.0","22,750.0","23,200.0","22,300.0","14.48M","1.78%"
"12/09/2022","22,500.0","22,200.0","23,000.0","21,800.0","13.27M","2.27%"
"12/08/2022","22,000.0","21,350.0","22,400.0","20,800.0","20.80M","5.01%"
"12/07/2022","20,950.0","21,500.0","21,800.0","20,750.0","8.89M","-3.01%"
"12/06/2022","21,600.0","23,000.0","23,150.0","21,600.0","11.61M","-6.70%"
"12/05/2022","23,150.0","23,200.0","24,000.0","22,950.0","16.15M","1.54%"
"12/02/2022","22,800.0","21,500.0","22,800.0","21,200.0","8.25M","4.59%"
"12/01/2022","21,800.0","22,350.0","22,750.0","21,600.0","15.16M","-0.91%"
"11/30/2022","22,000.0","21,700.0","22,500.0","20,850.0","12.99M","2.33%"
"11/29/2022","21,500.0","21,300.0","21,600.0","20,700.0","9.29M","2.38%"
"11/28/2022","21,000.0","20,500.0","21,300.0","20,050.0","12.70M","3.45%"
"11/25/2022","20,300.0","20,200.0","20,350.0","19,750.0","3.04M","1.50%"
"11/24/2022","20,000.0","20,100.0","20,250.0","19,200.0","4.81M","0.00%"
"11/23/2022","20,000.0","20,350.0","20,800.0","19,900.0","2.89M","-3.15%"
"11/22/2022","20,650.0","20,500.0","21,200.0","20,150.0","5.49M","0.24%"
"11/21/2022","20,600.0","20,700.0","20,700.0","20,000.0","3.20M","0.00%"
"11/18/2022","20,600.0","20,600.0","20,900.0","20,150.0","2.04M","-1.20%"
"11/17/2022","20,850.0","21,300.0","21,500.0","20,450.0","5.23M","0.00%"
"11/16/2022","20,850.0","18,750.0","21,000.0","18,600.0","5.54M","4.77%"
"11/15/2022","19,900.0","19,400.0","19,900.0","18,350.0","5.35M","1.02%"
"11/14/2022","19,700.0","19,500.0","19,750.0","19,050.0","3.21M","-1.01%"
"11/11/2022","19,900.0","20,500.0","20,500.0","19,200.0","3.74M","0.00%"
"11/10/2022","19,900.0","20,050.0","20,100.0","19,000.0","2.99M","-1.49%"
"11/09/2022","20,200.0","20,700.0","21,000.0","20,100.0","2.80M","-1.46%"
"11/08/2022","20,500.0","19,700.0","20,700.0","19,500.0","4.24M","1.99%"
"11/07/2022","20,100.0","21,450.0","21,450.0","20,000.0","2.52M","-5.63%"
"11/04/2022","21,300.0","21,000.0","21,300.0","19,800.0","7.37M","0.24%"
"11/03/2022","21,250.0","21,350.0","22,100.0","20,850.0","3.80M","-1.39%"
"11/02/2022","21,550.0","21,800.0","22,500.0","21,550.0","4.00M","-1.15%"
"11/01/2022","21,800.0","21,000.0","22,100.0","20,900.0","5.88M","5.31%"
"10/31/2022","20,700.0","21,000.0","21,000.0","20,300.0","2.83M","-0.72%"
"10/28/2022","20,850.0","21,200.0","21,500.0","20,650.0","2.78M","-0.71%"
"10/27/2022","21,000.0","19,950.0","21,000.0","19,850.0","4.34M","5.00%"
"10/26/2022","20,000.0","20,200.0","20,450.0","19,800.0","1.13M","-0.74%"
"10/25/2022","20,150.0","19,700.0","20,650.0","19,300.0","3.23M","0.00%"
"10/24/2022","20,150.0","20,100.0","20,150.0","18,700.0","3.26M","0.25%"
"10/21/2022","20,100.0","20,600.0","20,800.0","19,350.0","2.78M","-2.43%"
"10/20/2022","20,600.0","20,300.0","20,650.0","20,000.0","1.71M","0.24%"
"10/19/2022","20,550.0","20,700.0","20,700.0","20,050.0","1.72M","-0.24%"
"10/18/2022","20,600.0","20,700.0","20,950.0","20,400.0","2.52M","0.00%"
"10/17/2022","20,600.0","20,100.0","20,600.0","19,400.0","4.16M","0.00%"
"10/14/2022","20,600.0","20,950.0","21,050.0","20,300.0","2.18M","0.00%"
"10/13/2022","20,600.0","20,500.0","20,600.0","19,700.0","3.78M","0.49%"
"10/12/2022","20,500.0","18,300.0","20,500.0","18,300.0","4.64M","5.94%"
"10/11/2022","19,350.0","19,350.0","20,000.0","19,350.0","9.00M","-6.97%"
"10/10/2022","20,800.0","20,800.0","21,700.0","20,800.0","2.39M","-6.94%"
"10/07/2022","22,350.0","23,050.0","23,150.0","22,350.0","2.06M","-6.88%"
"10/06/2022","24,000.0","23,900.0","24,200.0","23,000.0","3.20M","0.00%"
"10/05/2022","24,000.0","24,000.0","24,150.0","23,750.0","1.21M","0.84%"
"10/04/2022","23,800.0","23,900.0","24,400.0","23,750.0","958.20K","-0.21%"
"10/03/2022","23,850.0","25,100.0","25,100.0","23,400.0","1.60M","-4.60%"
"09/30/2022","25,000.0","24,500.0","25,100.0","23,950.0","2.07M","1.21%"
"09/29/2022","24,700.0","24,700.0","25,000.0","24,200.0","983.50K","0.20%"
"09/28/2022","24,650.0","24,250.0","24,750.0","23,500.0","1.53M","-1.00%"
"09/27/2022","24,900.0","24,800.0","24,900.0","24,000.0","1.14M","0.00%"
"09/26/2022","24,900.0","24,700.0","24,900.0","23,700.0","1.90M","-0.60%"
"09/23/2022","25,050.0","25,350.0","25,400.0","25,000.0","1.06M","-1.18%"
"09/22/2022","25,350.0","25,000.0","25,350.0","24,800.0","604.50K","0.40%"
"09/21/2022","25,250.0","25,000.0","25,400.0","25,000.0","675.80K","-0.59%"
"09/20/2022","25,400.0","25,400.0","25,400.0","24,900.0","890.60K","1.60%"
"09/19/2022","25,000.0","26,300.0","26,300.0","24,700.0","1.44M","-4.94%"
"09/16/2022","26,300.0","26,500.0","26,850.0","26,300.0","865.60K","-0.94%"
"09/15/2022","26,550.0","26,650.0","27,350.0","26,500.0","797.40K","0.00%"
"09/14/2022","26,550.0","26,500.0","26,800.0","26,250.0","953.00K","-1.12%"
"09/13/2022","26,850.0","27,100.0","27,100.0","26,750.0","769.20K","-0.37%"
"09/12/2022","26,950.0","27,000.0","27,100.0","26,800.0","822.50K","-0.19%"
"09/09/2022","27,000.0","27,300.0","27,300.0","26,600.0","935.70K","0.37%"
"09/08/2022","26,900.0","27,350.0","27,400.0","26,900.0","1.41M","-1.47%"
"09/07/2022","27,300.0","27,800.0","27,900.0","27,300.0","1.75M","-2.50%"
"09/06/2022","28,000.0","28,150.0","28,150.0","27,650.0","1.35M","0.00%"
"09/05/2022","28,000.0","28,500.0","28,500.0","27,750.0","1.83M","0.00%"
"08/31/2022","28,000.0","27,900.0","28,150.0","27,550.0","585.30K","0.36%"
"08/30/2022","27,900.0","28,000.0","28,200.0","27,700.0","821.50K","0.72%"
"08/29/2022","27,700.0","28,000.0","28,100.0","27,100.0","2.03M","-2.46%"
"08/26/2022","28,400.0","28,850.0","28,900.0","28,350.0","1.36M","-1.39%"
"08/25/2022","28,800.0","28,450.0","28,900.0","28,150.0","1.69M","2.49%"
"08/24/2022","28,100.0","28,000.0","28,250.0","27,950.0","1.18M","0.36%"
"08/23/2022","28,000.0","27,500.0","28,000.0","27,500.0","1.23M","0.36%"
"08/22/2022","27,900.0","28,250.0","28,300.0","27,750.0","1.46M","-1.76%"
"08/19/2022","28,400.0","28,800.0","28,800.0","28,300.0","1.46M","-1.05%"
"08/18/2022","28,700.0","28,700.0","28,800.0","28,300.0","2.09M","0.00%"
"08/17/2022","28,700.0","28,850.0","28,950.0","28,700.0","1.32M","-0.52%"
"08/16/2022","28,850.0","29,000.0","29,050.0","28,750.0","1.40M","-0.35%"
"08/15/2022","28,950.0","28,950.0","29,300.0","28,700.0","3.27M","1.22%"
"08/12/2022","28,600.0","28,650.0","28,650.0","28,350.0","1.01M","0.35%"
"08/11/2022","28,500.0","28,650.0","29,100.0","28,250.0","2.56M","0.71%"
"08/10/2022","28,300.0","28,700.0","28,700.0","28,250.0","1.90M","-1.05%"
"08/09/2022","28,600.0","28,950.0","28,950.0","28,400.0","2.33M","0.18%"
"08/08/2022","28,550.0","28,750.0","29,150.0","28,350.0","2.29M","-0.87%"
"08/05/2022","28,800.0","28,900.0","29,200.0","28,500.0","1.92M","0.00%"
"08/04/2022","28,800.0","28,500.0","29,200.0","28,250.0","5.31M","2.86%"
"08/03/2022","28,000.0","27,500.0","28,100.0","27,300.0","2.57M","1.27%"
"08/02/2022","27,650.0","27,300.0","27,800.0","27,300.0","2.30M","1.47%"
"08/01/2022","27,250.0","27,100.0","27,450.0","27,050.0","1.94M","2.44%"
"07/29/2022","26,600.0","27,600.0","27,600.0","26,600.0","3.02M","-2.21%"
"07/28/2022","27,200.0","27,050.0","27,800.0","27,050.0","2.37M","0.93%"
"07/27/2022","26,950.0","27,000.0","27,100.0","26,500.0","1.62M","-0.19%"
"07/26/2022","27,000.0","27,500.0","27,600.0","27,000.0","1.26M","-1.46%"
"07/25/2022","27,400.0","27,550.0","27,900.0","27,300.0","1.37M","-2.32%"
"07/22/2022","28,050.0","28,300.0","28,650.0","27,950.0","2.45M","-0.88%"
"07/21/2022","28,300.0","28,550.0","28,650.0","28,050.0","2.61M","-0.53%"
"07/20/2022","28,450.0","27,500.0","28,500.0","27,200.0","3.08M","4.79%"
"07/19/2022","27,150.0","27,300.0","27,300.0","26,750.0","807.80K","-0.37%"
"07/18/2022","27,250.0","27,350.0","27,500.0","27,150.0","1.34M","0.55%"
"07/15/2022","27,100.0","27,000.0","27,500.0","27,000.0","1.42M","0.74%"
"07/14/2022","26,900.0","26,550.0","27,050.0","26,500.0","678.00K","0.94%"
"07/13/2022","26,650.0","26,700.0","27,500.0","26,050.0","1.52M","-0.19%"
"07/12/2022","26,700.0","26,050.0","26,750.0","26,050.0","629.50K","2.69%"
"07/11/2022","26,000.0","27,000.0","27,100.0","26,000.0","1.30M","-4.06%"
"07/08/2022","27,100.0","27,500.0","27,850.0","27,000.0","1.15M","-1.28%"
"07/07/2022","27,450.0","26,700.0","27,650.0","26,700.0","1.47M","1.86%"
"07/06/2022","26,950.0","27,300.0","27,800.0","26,400.0","1.50M","-2.00%"
"07/05/2022","27,500.0","27,500.0","27,950.0","27,050.0","2.31M","0.73%"
"07/04/2022","27,300.0","27,300.0","27,800.0","27,200.0","575.30K","0.00%"
"07/01/2022","27,300.0","27,150.0","27,600.0","26,400.0","898.80K","0.55%"
"06/30/2022","27,150.0","27,200.0","28,000.0","27,150.0","1.76M","-0.91%"
"06/29/2022","27,400.0","27,100.0","28,300.0","27,100.0","1.93M","-0.72%"
"06/28/2022","27,600.0","27,400.0","28,000.0","26,950.0","2.06M","3.37%"
"06/27/2022","26,700.0","26,000.0","27,150.0","26,000.0","1.95M","2.69%"
"06/24/2022","26,000.0","26,500.0","26,650.0","26,000.0","906.30K","-1.89%"
"06/23/2022","26,500.0","26,200.0","26,500.0","25,700.0","1.84M","1.15%"
"06/22/2022","26,200.0","25,650.0","26,500.0","25,650.0","1.67M","2.14%"
"06/21/2022","25,650.0","24,950.0","26,200.0","24,950.0","3.07M","2.40%"
"06/20/2022","25,050.0","25,450.0","26,150.0","25,050.0","3.69M","-1.76%"
"06/17/2022","25,500.0","26,000.0","26,400.0","25,000.0","3.21M","-4.85%"
"06/16/2022","26,800.0","26,700.0","27,200.0","26,250.0","2.92M","0.94%"
"06/15/2022","26,550.0","26,500.0","26,700.0","24,800.0","3.49M","0.19%"
"06/14/2022","26,500.0","27,500.0","27,500.0","26,000.0","4.02M","-4.16%"
"06/13/2022","27,650.0","29,200.0","29,200.0","27,650.0","3.79M","-6.90%"
"06/10/2022","29,700.0","29,900.0","30,600.0","29,700.0","1.37M","-1.16%"
"06/09/2022","30,050.0","30,250.0","30,350.0","30,000.0","1.93M","-0.66%"
"06/08/2022","30,250.0","29,700.0","31,000.0","29,700.0","3.55M","2.20%"
"06/07/2022","29,600.0","30,700.0","30,700.0","29,500.0","2.13M","-3.58%"
"06/06/2022","30,700.0","31,800.0","31,850.0","30,300.0","2.79M","-3.61%"
"06/03/2022","31,850.0","31,750.0","32,000.0","31,200.0","1.21M","-0.47%"
"06/02/2022","32,000.0","32,000.0","32,000.0","31,200.0","3.02M","0.00%"
"06/01/2022","32,000.0","32,150.0","32,700.0","31,500.0","1.73M","-1.08%"
"05/31/2022","32,350.0","33,000.0","33,050.0","32,350.0","2.72M","-1.97%"
"05/30/2022","33,000.0","32,400.0","33,100.0","32,150.0","5.40M","2.17%"
"05/27/2022","32,300.0","31,600.0","32,800.0","31,500.0","4.88M","2.22%"
"05/26/2022","31,600.0","31,900.0","31,950.0","31,450.0","1.31M","-0.94%"
"05/25/2022","31,900.0","30,950.0","32,000.0","30,900.0","4.54M","3.24%"
"05/24/2022","30,900.0","30,200.0","30,950.0","30,200.0","1.67M","3.00%"
"05/23/2022","30,000.0","31,900.0","32,100.0","29,900.0","2.56M","-4.46%"
"05/20/2022","31,400.0","31,900.0","32,200.0","31,200.0","2.10M","0.80%"
"05/19/2022","31,150.0","31,450.0","32,150.0","30,750.0","1.96M","-3.26%"
"05/18/2022","32,200.0","33,100.0","34,100.0","32,200.0","3.95M","-2.42%"
"05/17/2022","33,000.0","31,000.0","33,050.0","30,500.0","3.92M","6.45%"
"05/16/2022","31,000.0","31,000.0","31,600.0","30,200.0","2.42M","3.33%"
"05/13/2022","30,000.0","32,000.0","32,000.0","29,400.0","3.56M","-5.06%"
"05/12/2022","31,600.0","33,000.0","33,300.0","31,150.0","2.32M","-5.53%"
"05/11/2022","33,450.0","33,300.0","33,450.0","31,800.0","3.61M","0.45%"
"05/10/2022","33,300.0","31,000.0","33,600.0","30,500.0","5.93M","5.38%"
"05/09/2022","31,600.0","32,800.0","33,850.0","31,400.0","2.20M","-5.95%"
"05/06/2022","33,600.0","33,600.0","34,450.0","33,250.0","2.05M","-1.75%"
"05/05/2022","34,200.0","32,500.0","34,200.0","32,500.0","7.81M","6.88%"
"05/04/2022","32,000.0","33,600.0","33,700.0","32,000.0","1.64M","-4.76%"
"04/29/2022","33,600.0","33,600.0","34,450.0","33,200.0","3.02M","0.00%"
"04/28/2022","33,600.0","34,900.0","34,900.0","33,600.0","1.82M","-3.45%"
"04/27/2022","34,800.0","34,950.0","35,000.0","33,450.0","2.24M","-0.43%"
"04/26/2022","34,950.0","34,000.0","35,050.0","32,400.0","3.80M","1.30%"
"04/25/2022","34,500.0","35,300.0","35,700.0","32,750.0","3.41M","-1.99%"
"04/22/2022","35,200.0","35,050.0","36,000.0","34,800.0","2.54M","1.15%"
"04/21/2022","34,800.0","35,600.0","36,300.0","34,100.0","3.72M","-1.97%"
"04/20/2022","35,500.0","36,800.0","37,100.0","35,500.0","3.76M","-1.93%"
"04/19/2022","36,200.0","37,900.0","38,100.0","36,200.0","1.93M","-4.49%"
"04/18/2022","37,900.0","37,800.0","38,300.0","37,000.0","3.14M","1.47%"
"04/15/2022","37,350.0","39,100.0","39,300.0","37,350.0","5.12M","-4.35%"
"04/14/2022","39,050.0","40,000.0","40,000.0","39,000.0","2.54M","-2.38%"
"04/13/2022","40,000.0","38,650.0","40,200.0","38,050.0","5.94M","5.12%"
"04/12/2022","38,050.0","40,300.0","40,450.0","38,050.0","3.02M","-5.35%"
"04/08/2022","40,200.0","40,900.0","41,200.0","40,200.0","3.49M","-1.95%"
"04/07/2022","41,000.0","41,350.0","41,700.0","40,700.0","8.70M","-0.36%"
"04/06/2022","41,150.0","40,700.0","41,400.0","40,200.0","6.70M","0.86%"
"04/05/2022","40,800.0","41,000.0","41,550.0","40,700.0","4.68M","-1.09%"
"04/04/2022","41,250.0","41,700.0","41,800.0","41,100.0","6.60M","0.00%"
"04/01/2022","41,250.0","40,150.0","41,550.0","40,000.0","11.12M","2.74%"
"03/31/2022","40,150.0","40,300.0","40,800.0","40,100.0","2.43M","0.38%"
"03/30/2022","40,000.0","40,300.0","40,950.0","39,800.0","5.35M","-0.74%"
"03/29/2022","40,300.0","39,450.0","40,500.0","39,450.0","4.91M","2.15%"
"03/28/2022","39,450.0","39,850.0","40,200.0","38,850.0","2.99M","-1.13%"
"03/25/2022","39,900.0","40,600.0","40,600.0","39,900.0","2.19M","-0.50%"
"03/24/2022","40,100.0","40,050.0","40,250.0","39,800.0","2.95M","0.12%"
"03/23/2022","40,050.0","40,500.0","41,050.0","40,000.0","4.21M","-1.11%"
"03/22/2022","40,500.0","39,900.0","40,900.0","39,850.0","6.37M","1.50%"
"03/21/2022","39,900.0","39,550.0","40,300.0","39,550.0","3.85M","1.01%"
"03/18/2022","39,500.0","39,900.0","40,000.0","39,450.0","1.62M","-0.25%"
"03/17/2022","39,600.0","40,050.0","40,400.0","39,600.0","3.13M","-0.38%"
"03/16/2022","39,750.0","39,950.0","40,400.0","39,650.0","2.94M","-0.38%"
"03/15/2022","39,900.0","39,200.0","40,300.0","39,100.0","8.71M","1.79%"
"03/14/2022","39,200.0","38,500.0","39,500.0","38,500.0","2.16M","1.42%"
"03/11/2022","38,650.0","38,700.0","39,500.0","38,550.0","2.51M","-0.90%"
"03/10/2022","39,000.0","39,800.0","39,800.0","38,950.0","2.04M","0.52%"
"03/09/2022","38,800.0","38,850.0","39,350.0","38,800.0","2.65M","0.00%"
"03/08/2022","38,800.0","38,800.0","40,000.0","38,350.0","5.09M","-0.51%"
"03/07/2022","39,000.0","40,400.0","40,450.0","38,500.0","10.01M","-4.29%"
"03/04/2022","40,750.0","41,100.0","41,750.0","40,500.0","5.11M","-1.81%"
"03/03/2022","41,500.0","41,600.0","42,250.0","41,100.0","4.59M","0.12%"
"03/02/2022","41,450.0","42,450.0","43,300.0","41,100.0","8.27M","-3.15%"
"03/01/2022","42,800.0","42,200.0","43,200.0","41,900.0","11.88M","1.30%"
"02/28/2022","42,250.0","41,800.0","42,500.0","41,000.0","5.55M","0.72%"
"02/25/2022","41,950.0","41,700.0","42,750.0","41,300.0","10.80M","1.70%"
"02/24/2022","41,250.0","42,000.0","42,400.0","40,300.0","4.96M","-3.17%"
"02/23/2022","42,600.0","41,500.0","43,200.0","41,450.0","16.08M","2.65%"
"02/22/2022","41,500.0","40,550.0","41,500.0","40,400.0","8.31M","1.47%"
"02/21/2022","40,900.0","40,500.0","40,900.0","40,100.0","3.92M","0.25%"
"02/18/2022","40,800.0","40,500.0","41,200.0","40,500.0","3.76M","-0.85%"
"02/17/2022","41,150.0","40,400.0","41,150.0","40,300.0","3.08M","1.86%"
"02/16/2022","40,400.0","40,950.0","41,100.0","40,350.0","2.88M","-0.86%"
"02/15/2022","40,750.0","41,000.0","41,050.0","40,200.0","3.15M","1.88%"
"02/14/2022","40,000.0","42,000.0","42,850.0","40,000.0","7.41M","-6.65%"
"02/11/2022","42,850.0","41,000.0","42,950.0","40,800.0","15.98M","4.00%"
"02/10/2022","41,200.0","41,800.0","41,800.0","40,800.0","3.95M","-0.72%"
"02/09/2022","41,500.0","41,900.0","42,350.0","41,400.0","5.32M","-1.19%"
"02/08/2022","42,000.0","41,850.0","42,400.0","41,300.0","5.78M","0.72%"
"02/07/2022","41,700.0","42,300.0","42,600.0","41,300.0","5.81M","-0.60%"
"01/28/2022","41,950.0","40,150.0","42,300.0","40,000.0","15.53M","4.35%"
"01/27/2022","40,200.0","39,400.0","40,500.0","39,200.0","7.26M","2.55%"
"01/26/2022","39,200.0","40,000.0","40,550.0","39,200.0","10.95M","-1.38%"
"01/25/2022","39,750.0","37,700.0","40,000.0","37,700.0","8.96M","5.30%"
"01/24/2022","37,750.0","40,000.0","40,500.0","37,200.0","6.82M","-5.63%"
"01/21/2022","40,000.0","39,650.0","41,000.0","39,650.0","8.23M","1.01%"
"01/20/2022","39,600.0","39,300.0","40,350.0","39,250.0","7.43M","0.76%"
"01/19/2022","39,300.0","38,600.0","40,300.0","38,600.0","6.65M","1.03%"
"01/18/2022","38,900.0","39,600.0","40,250.0","38,750.0","9.95M","-3.23%"
"01/17/2022","40,200.0","41,600.0","42,200.0","40,200.0","9.07M","-4.06%"
"01/14/2022","41,900.0","41,700.0","42,550.0","41,600.0","5.57M","-0.59%"
"01/13/2022","42,150.0","43,300.0","44,000.0","42,100.0","17.62M","-1.98%"
"01/12/2022","43,000.0","40,200.0","43,000.0","40,000.0","18.62M","6.97%"
"01/11/2022","40,200.0","40,400.0","41,500.0","40,000.0","4.83M","-0.62%"
"01/10/2022","40,450.0","41,000.0","41,950.0","40,450.0","4.22M","-1.34%"
"01/07/2022","41,000.0","41,850.0","42,400.0","41,000.0","4.15M","-2.38%"
"01/06/2022","42,000.0","41,300.0","43,000.0","41,300.0","5.19M","0.00%"
"01/05/2022","42,000.0","42,500.0","42,750.0","41,900.0","3.83M","-1.75%"
"01/04/2022","42,750.0","41,500.0","43,250.0","41,300.0","11.03M","4.14%"
"12/31/2021","41,050.0","41,000.0","42,350.0","41,000.0","3.73M","0.74%"
"12/30/2021","40,750.0","41,150.0","41,400.0","40,550.0","3.23M","-1.45%"
"12/29/2021","41,350.0","42,050.0","42,450.0","41,150.0","5.37M","-1.66%"
"12/28/2021","42,050.0","40,500.0","42,200.0","40,000.0","8.59M","3.19%"
"12/27/2021","40,750.0","39,600.0","41,600.0","39,200.0","9.04M","3.82%"
"12/24/2021","39,250.0","36,600.0","39,250.0","36,450.0","7.86M","6.95%"
"12/23/2021","36,700.0","38,000.0","38,600.0","35,700.0","4.60M","-3.42%"
"12/22/2021","38,000.0","38,500.0","39,500.0","37,900.0","5.93M","-2.06%"
"12/21/2021","38,800.0","39,500.0","39,600.0","38,500.0","3.63M","-2.51%"
"12/20/2021","39,800.0","39,000.0","40,000.0","38,700.0","8.24M","4.74%"
"12/17/2021","38,000.0","38,074.1","38,148.2","37,333.3","5.89M","0.20%"
"12/16/2021","37,925.9","39,037.1","39,037.1","37,925.9","5.42M","-1.54%"
"12/15/2021","38,518.5","37,481.5","39,037.1","36,963.0","6.21M","2.97%"
"12/14/2021","37,407.4","37,037.1","38,000.0","36,666.7","3.16M","0.00%"
"12/13/2021","37,407.4","38,518.5","38,814.8","37,037.1","6.32M","-2.88%"
"12/10/2021","38,518.5","37,925.9","39,629.6","37,629.6","11.04M","1.56%"
"12/09/2021","37,925.9","37,851.9","38,518.5","37,333.3","3.43M","0.20%"
"12/08/2021","37,851.9","35,629.6","37,851.9","35,629.6","12.40M","6.90%"
"12/07/2021","35,407.4","35,111.1","35,925.9","34,481.5","3.05M","1.70%"
"12/06/2021","34,814.8","34,518.5","35,407.4","33,333.3","5.82M","0.00%"
"12/03/2021","34,814.8","36,222.2","36,296.3","34,814.8","4.89M","-2.89%"
"12/02/2021","35,851.9","35,592.6","36,963.0","35,592.6","7.77M","0.31%"
"12/01/2021","35,740.8","33,333.3","35,740.8","33,185.2","7.40M","6.98%"
"11/30/2021","33,407.4","35,481.5","35,481.5","32,963.0","8.53M","-4.45%"
"11/29/2021","34,963.0","34,444.5","35,555.6","34,444.5","3.25M","-0.63%"
"11/26/2021","35,185.2","36,370.4","36,444.5","35,185.2","4.48M","-3.46%"
"11/25/2021","36,444.5","36,666.7","36,666.7","35,666.7","5.81M","0.20%"
"11/24/2021","36,370.4","36,074.1","36,925.9","35,333.3","9.86M","0.82%"
"11/23/2021","36,074.1","35,185.2","36,074.1","34,444.5","10.47M","4.73%"
"11/22/2021","34,444.5","32,592.6","34,444.5","32,222.2","13.82M","6.90%"
"11/19/2021","32,222.2","31,777.8","32,963.0","31,740.8","4.26M","1.28%"
"11/18/2021","31,814.8","31,963.0","32,074.1","31,814.8","2.98M","-0.69%"
"11/17/2021","32,037.0","32,592.6","32,592.6","32,000.0","2.12M","-1.03%"
"11/16/2021","32,370.4","32,592.6","32,740.8","32,370.4","3.42M","-0.57%"
"11/15/2021","32,555.6","32,740.8","32,740.8","32,222.2","3.38M","1.03%"
"11/12/2021","32,222.2","31,925.9","32,444.5","31,629.6","1.87M","1.16%"
"11/11/2021","31,851.9","32,592.6","32,666.7","31,703.7","3.26M","-2.27%"
"11/10/2021","32,592.6","32,000.0","32,592.6","31,888.9","2.52M","1.38%"
"11/09/2021","32,148.2","32,592.6","32,592.6","32,000.0","3.17M","-0.91%"
"11/08/2021","32,444.5","32,481.5","32,629.6","32,370.4","6.15M","0.69%"
"11/05/2021","32,222.2","32,666.7","32,703.7","32,000.0","3.89M","-0.57%"
"11/04/2021","32,407.4","32,740.8","32,777.8","32,333.3","2.70M","-1.02%"
"11/03/2021","32,740.8","32,444.5","33,074.1","32,370.4","6.61M","0.91%"
"11/02/2021","32,444.5","32,222.2","32,740.8","32,148.2","6.43M","0.92%"
"11/01/2021","32,148.2","33,222.2","33,222.2","31,777.8","4.28M","-3.23%"
"10/29/2021","33,222.2","32,888.9","33,296.3","32,555.6","6.53M","1.01%"
"10/28/2021","32,888.9","32,222.2","32,963.0","32,222.2","7.25M","2.54%"
"10/27/2021","32,074.1","31,814.8","32,222.2","31,481.5","2.38M","1.88%"
"10/26/2021","31,481.5","31,037.0","31,518.5","30,888.9","2.85M","1.19%"
"10/25/2021","31,111.1","32,000.0","32,148.2","31,111.1","4.91M","-2.78%"
"10/22/2021","32,000.0","32,407.4","32,592.6","31,925.9","3.52M","-1.14%"
"10/21/2021","32,370.4","32,555.6","32,925.9","32,370.4","4.75M","-0.91%"
"10/20/2021","32,666.7","32,963.0","32,963.0","32,296.3","4.66M","0.46%"
"10/19/2021","32,518.5","32,518.5","32,777.8","32,074.1","2.37M","-0.23%"
"10/18/2021","32,592.6","32,444.5","32,814.8","32,333.3","7.26M","1.03%"
"10/15/2021","32,259.3","31,555.6","32,370.4","31,518.5","10.99M","2.96%"
"10/14/2021","31,333.3","31,259.3","31,592.6","31,111.1","4.77M","-0.24%"
"10/13/2021","31,407.4","31,481.5","31,703.7","31,333.3","3.12M","-0.70%"
"10/12/2021","31,629.6","32,000.0","32,074.1","31,629.6","2.52M","-0.93%"
"10/11/2021","31,925.9","31,185.2","31,925.9","31,148.2","6.70M","2.25%"
"10/08/2021","31,222.2","31,629.6","31,629.6","30,963.0","4.23M","0.36%"
"10/07/2021","31,111.1","31,444.5","31,444.5","30,963.0","6.32M","-0.71%"
"10/06/2021","31,333.3","31,481.5","31,963.0","31,037.0","11.34M","-0.47%"
"10/05/2021","31,481.5","31,333.3","31,555.6","30,814.8","12.54M","1.19%"
"10/04/2021","31,111.1","31,703.7","31,777.8","30,740.8","17.86M","-1.41%"
"10/01/2021","31,555.6","31,000.0","31,629.6","30,703.7","20.13M","2.40%"
"09/30/2021","30,814.8","30,444.5","31,000.0","30,444.5","8.54M","0.48%"
"09/29/2021","30,666.7","29,851.9","30,740.8","29,851.9","10.94M","1.72%"
"09/28/2021","30,148.2","29,259.3","30,148.2","28,963.0","7.34M","1.75%"
"09/27/2021","29,629.6","30,888.9","30,888.9","29,629.6","8.35M","-3.85%"
"09/24/2021","30,814.8","30,888.9","31,185.2","30,592.6","12.30M","0.12%"
"09/23/2021","30,777.8","29,963.0","31,111.1","29,333.3","24.26M","3.62%"
"09/22/2021","29,703.7","29,851.9","29,851.9","29,111.1","5.63M","0.25%"
"09/21/2021","29,629.6","29,333.3","29,925.9","29,259.3","8.93M","-0.25%"
"09/20/2021","29,703.7","30,370.4","30,963.0","29,259.3","12.07M","-1.72%"
"09/17/2021","30,222.2","28,740.8","30,222.2","28,592.6","15.98M","5.56%"
"09/16/2021","28,629.6","28,518.5","29,111.1","28,296.3","7.06M","1.05%"
"09/15/2021","28,333.3","27,777.8","28,518.5","27,407.4","9.39M","1.73%"
"09/14/2021","27,851.9","27,851.9","28,444.5","27,814.8","8.27M","-1.31%"
"09/13/2021","28,222.2","27,777.8","28,666.7","27,629.6","9.41M","1.87%"
"09/10/2021","27,703.7","28,148.2","28,518.5","27,703.7","10.57M","-1.06%"
"09/09/2021","28,000.0","26,740.8","28,074.1","26,555.6","16.91M","4.71%"
"09/08/2021","26,740.8","27,037.0","27,370.4","26,666.7","8.74M","-0.82%"
"09/07/2021","26,963.0","25,851.9","27,037.0","25,777.8","15.28M","4.60%"
"09/06/2021","25,777.8","25,814.8","26,074.1","25,444.5","6.54M","1.75%"
"09/01/2021","25,333.3","25,185.2","25,555.6","25,111.1","3.18M","0.29%"
"08/31/2021","25,259.3","25,703.7","25,925.9","25,185.2","2.58M","-1.59%"
"08/30/2021","25,666.7","25,407.4","25,814.8","25,148.2","2.99M","1.91%"
"08/27/2021","25,185.2","24,925.9","25,740.7","24,777.8","3.22M","-0.29%"
"08/26/2021","25,259.3","25,925.9","26,037.0","25,259.3","4.66M","-2.29%"
"08/25/2021","25,851.9","25,222.2","25,851.9","24,888.9","4.14M","2.50%"
"08/24/2021","25,222.2","25,000.0","25,333.3","24,888.9","4.21M","0.74%"
"08/23/2021","25,037.0","25,629.6","26,074.1","25,037.0","6.73M","-3.43%"
"08/20/2021","25,925.9","27,185.2","27,185.2","25,333.3","8.70M","-4.63%"
"08/19/2021","27,185.2","27,444.5","27,481.5","27,000.0","4.32M","-1.48%"
"08/18/2021","27,592.6","27,629.6","27,851.9","27,407.4","3.99M","-0.27%"
"08/17/2021","27,666.7","28,037.0","28,037.0","27,407.4","6.51M","0.67%"
"08/16/2021","27,481.5","26,963.0","27,592.6","26,666.7","9.19M","1.92%"
"08/13/2021","26,963.0","26,370.4","27,037.0","26,370.4","4.69M","0.00%"
"08/12/2021","26,963.0","27,333.3","27,481.5","26,963.0","4.19M","-1.62%"
"08/11/2021","27,407.4","26,814.8","27,777.8","26,518.5","18.31M","2.78%"
"08/10/2021","26,666.7","26,814.8","26,814.8","26,222.2","4.61M","0.28%"
"08/09/2021","26,592.6","26,148.2","26,592.6","25,888.9","4.90M","1.13%"
"08/06/2021","26,296.3","26,740.8","26,888.9","26,259.3","5.22M","-1.11%"
"08/05/2021","26,592.6","26,296.3","26,592.6","26,000.0","6.59M","2.28%"
"08/04/2021","26,000.0","25,703.7","26,444.5","25,666.7","12.72M","1.59%"
"08/03/2021","25,592.6","25,555.6","25,814.8","25,259.3","5.29M","0.29%"
"08/02/2021","25,518.5","25,703.7","26,000.0","25,518.5","8.90M","-1.57%"
"07/30/2021","25,925.9","25,925.9","26,148.2","25,703.7","7.37M","0.86%"
"07/29/2021","25,703.7","25,444.5","25,925.9","25,444.5","10.02M","1.46%"
"07/28/2021","25,333.3","25,111.1","25,703.7","25,037.0","7.63M","0.29%"
"07/27/2021","25,259.3","24,740.7","25,407.4","24,592.6","12.80M","3.65%"
"07/26/2021","24,370.4","24,074.1","24,777.8","24,037.0","9.56M","-0.30%"
"07/23/2021","24,444.5","24,666.7","25,000.0","24,444.5","8.50M","-2.51%"
"07/22/2021","25,074.1","24,518.5","25,074.1","24,222.2","8.34M","2.27%"
"07/21/2021","24,518.5","24,592.6","24,814.8","24,370.4","7.76M","0.30%"
"07/20/2021","24,444.5","23,555.6","24,444.5","23,259.3","10.33M","4.60%"
"07/19/2021","23,370.4","24,592.6","24,592.6","23,370.4","7.02M","-6.93%"
"07/16/2021","25,111.1","25,407.4","25,481.5","25,037.0","2.61M","0.59%"
"07/15/2021","24,963.0","24,444.5","25,518.5","24,148.2","4.42M","2.12%"
"07/14/2021","24,444.5","25,703.7","25,925.9","24,370.4","7.04M","-5.17%"
"07/13/2021","25,777.8","26,296.3","26,407.4","25,185.2","4.41M","-0.71%"
"07/12/2021","25,963.0","27,407.4","27,407.4","25,518.5","10.20M","-5.27%"
"07/09/2021","27,407.4","27,703.7","28,444.5","26,666.7","6.42M","-1.99%"
"07/08/2021","27,963.0","27,740.8","28,814.8","27,555.6","7.80M","0.67%"
"07/07/2021","27,777.8","27,333.3","28,000.0","26,370.4","7.70M","2.60%"
"07/06/2021","27,074.1","29,111.1","29,259.3","27,074.1","10.83M","-7.00%"
"07/05/2021","29,111.1","28,185.2","29,111.1","28,037.0","11.32M","4.11%"
"07/02/2021","27,963.0","27,851.9","28,074.1","27,555.6","6.87M","1.48%"
"07/01/2021","27,555.6","27,259.3","27,555.6","26,777.8","7.35M","1.22%"
"06/30/2021","27,222.2","27,555.6","27,703.7","27,185.2","3.82M","-1.47%"
"06/29/2021","27,629.6","28,148.2","28,148.2","27,333.3","6.60M","-0.93%"
"06/28/2021","27,888.9","26,888.9","27,888.9","26,518.5","14.96M","4.87%"
"06/25/2021","26,592.6","26,407.4","26,592.6","26,111.1","3.75M","0.70%"
"06/24/2021","26,407.4","26,666.7","26,740.8","26,259.3","3.88M","-0.28%"
"06/23/2021","26,481.5","26,592.6","26,703.7","26,333.3","3.52M","0.85%"
"06/22/2021","26,259.3","26,111.1","26,666.7","26,074.1","4.95M","0.57%"
"06/21/2021","26,111.1","26,555.6","26,740.8","26,074.1","4.97M","-0.70%"
"06/18/2021","26,296.3","26,518.5","26,629.6","26,259.3","3.69M","0.28%"
"06/17/2021","26,222.2","25,925.9","26,666.7","25,703.7","5.34M","-0.56%"
"06/16/2021","26,370.4","26,296.3","27,111.1","25,925.9","8.09M","-1.11%"
"06/15/2021","26,666.7","26,888.9","27,037.0","26,296.3","4.90M","-0.83%"
"06/14/2021","26,888.9","27,407.4","27,407.4","26,518.5","4.44M","-0.82%"
"06/11/2021","27,111.1","26,296.3","27,407.4","26,111.1","7.60M","3.83%"
"06/10/2021","26,111.1","27,037.0","27,333.3","26,111.1","4.43M","-1.81%"
"06/09/2021","26,592.6","25,925.9","26,963.0","25,185.2","7.91M","2.57%"
"06/08/2021","25,925.9","27,407.4","27,777.8","25,629.6","6.89M","-5.91%"
"06/07/2021","27,555.6","28,148.2","28,740.8","27,037.0","6.91M","-4.62%"
"06/04/2021","28,888.9","28,148.2","30,296.3","27,777.8","6.48M","1.96%"
"06/03/2021","28,333.3","27,740.8","28,370.4","27,555.6","7.21M","2.82%"
"06/02/2021","27,555.6","27,407.4","27,888.9","27,111.1","6.83M","-1.59%"
"06/01/2021","28,000.0","28,592.6","28,592.6","27,740.8","8.16M","0.93%"
"05/31/2021","27,740.8","26,740.8","27,777.8","26,740.8","5.19M","3.74%"
"05/28/2021","26,740.8","26,000.0","26,740.8","25,814.8","8.99M","2.85%"
"05/27/2021","26,000.0","26,518.5","26,666.7","25,555.6","10.25M","-2.36%"
"05/26/2021","26,629.6","26,037.0","26,666.7","26,000.0","10.69M","2.42%"
"05/25/2021","26,000.0","24,888.9","26,185.2","24,851.9","8.14M","5.25%"
"05/24/2021","24,703.7","24,444.5","24,814.8","24,148.2","9.99M","1.06%"
"05/21/2021","24,444.5","24,444.5","24,814.8","24,185.2","8.38M","0.00%"
"05/20/2021","24,444.5","24,444.5","24,851.9","24,333.3","8.47M","0.30%"
"05/19/2021","24,370.4","23,777.8","24,370.4","23,777.8","8.17M","2.49%"
"05/18/2021","23,777.8","24,148.2","24,148.2","23,407.4","8.95M","-1.53%"
"05/17/2021","24,148.2","23,777.8","24,370.4","23,777.8","9.25M","2.03%"
"05/14/2021","23,666.7","23,555.6","23,851.9","23,333.3","9.82M","1.43%"
"05/13/2021","23,333.3","23,703.7","24,074.1","23,333.3","10.88M","-1.41%"
"05/12/2021","23,666.7","22,814.8","23,666.7","22,666.7","10.36M","3.06%"
"05/11/2021","22,963.0","23,703.7","23,851.9","22,963.0","12.70M","-0.32%"
"05/10/2021","23,037.0","21,555.6","23,037.0","21,481.5","19.07M","6.87%"
"05/07/2021","21,555.6","20,666.7","21,888.9","20,666.7","15.78M","3.37%"
"05/06/2021","20,851.9","21,074.1","21,407.4","20,814.8","5.04M","-1.74%"
"05/05/2021","21,222.2","20,888.9","21,333.3","20,777.8","7.37M","2.32%"
"05/04/2021","20,740.7","19,963.0","20,740.7","19,925.9","5.68M","2.19%"
"04/29/2021","20,296.3","20,333.3","20,592.6","20,148.2","8.13M","0.55%"
"04/28/2021","20,185.2","20,000.0","20,333.3","19,925.9","3.25M","0.55%"
"04/27/2021","20,074.1","20,111.1","20,333.3","19,925.9","2.65M","-0.18%"
"04/26/2021","20,111.1","20,740.7","20,740.7","20,074.1","3.33M","-3.04%"
"04/23/2021","20,740.7","20,370.4","20,740.7","19,851.9","5.37M","3.70%"
"04/22/2021","20,000.0","20,592.6","21,074.1","20,000.0","6.11M","-2.88%"
"04/20/2021","20,592.6","21,074.1","21,148.2","20,481.5","6.17M","-1.77%"
"04/19/2021","20,963.0","20,740.7","20,963.0","20,296.3","5.77M","2.17%"
"04/16/2021","20,518.5","21,037.0","21,111.1","20,333.3","12.63M","-3.82%"
"04/15/2021","21,333.3","21,963.0","22,000.0","21,333.3","8.00M","-2.87%"
"04/14/2021","21,963.0","21,814.8","22,037.0","21,481.5","5.69M","0.17%"
"04/13/2021","21,925.9","21,740.7","22,740.7","21,703.7","18.06M","1.54%"
"04/12/2021","21,592.6","21,555.6","21,592.6","21,333.3","10.00M","1.22%"
"04/09/2021","21,333.3","21,444.5","21,481.5","21,185.2","3.83M","-0.35%"
"04/08/2021","21,407.4","21,481.5","21,592.6","21,259.3","5.71M","0.35%"
"04/07/2021","21,333.3","20,851.9","21,629.6","20,814.8","11.84M","2.31%"
"04/06/2021","20,851.9","21,000.0","21,037.0","20,740.7","7.69M","-0.88%"
"04/05/2021","21,037.0","21,222.2","21,259.3","20,925.9","4.68M","0.35%"
"04/02/2021","20,963.0","21,111.1","21,333.3","20,888.9","4.32M","1.07%"
"04/01/2021","20,740.7","20,629.6","20,851.9","20,555.6","5.58M","0.54%"
"03/31/2021","20,629.6","20,592.6","20,777.8","20,481.5","2.93M","0.18%"
"03/30/2021","20,592.6","20,370.4","20,592.6","20,296.3","3.53M","1.46%"
"03/29/2021","20,296.3","20,074.1","20,296.3","19,888.9","2.92M","2.62%"
"03/26/2021","19,777.8","19,814.8","19,925.9","19,037.0","6.81M","-0.74%"
"03/25/2021","19,925.9","20,148.2","20,333.3","19,814.8","7.05M","-0.19%"
"03/24/2021","19,963.0","20,592.6","20,888.9","19,925.9","9.00M","-4.77%"
"03/23/2021","20,963.0","21,259.3","21,407.4","20,740.7","5.91M","-1.74%"
"03/22/2021","21,333.3","21,407.4","21,629.6","21,259.3","4.69M","-0.35%"
"03/19/2021","21,407.4","21,481.5","21,666.7","21,222.2","9.38M","-0.34%"
"03/18/2021","21,481.5","21,481.5","21,629.6","21,259.3","7.81M","1.05%"
"03/17/2021","21,259.3","21,037.0","21,333.3","20,925.9","4.94M","0.70%"
"03/16/2021","21,111.1","21,333.3","21,407.4","20,888.9","4.07M","-0.70%"
"03/15/2021","21,259.3","21,259.3","21,481.5","21,222.2","6.21M","0.35%"
"03/12/2021","21,185.2","21,222.2","21,592.6","21,148.2","7.86M","0.00%"
"03/11/2021","21,185.2","21,296.3","21,370.4","21,111.1","6.76M","0.53%"
"03/10/2021","21,074.1","21,074.1","21,222.2","20,740.7","3.47M","0.18%"
"03/09/2021","21,037.0","20,888.9","21,333.3","20,592.6","4.55M","-0.35%"
"03/08/2021","21,111.1","21,333.3","21,629.6","21,037.0","6.34M","0.00%"
"03/05/2021","21,111.1","20,888.9","21,481.5","20,518.5","8.33M","-0.52%"
"03/04/2021","21,222.2","22,074.1","22,148.2","21,111.1","5.44M","-3.70%"
"03/03/2021","22,037.0","22,148.2","22,963.0","22,000.0","7.95M","0.00%"
"03/02/2021","22,037.0","21,111.1","22,185.2","20,851.9","23.21M","6.25%"
"03/01/2021","20,740.7","20,740.7","20,888.9","20,592.6","4.96M","1.63%"
"02/26/2021","20,407.4","20,000.0","20,518.5","19,925.9","1.90M","0.73%"
"02/25/2021","20,259.3","20,370.4","20,370.4","20,000.0","2.35M","-0.18%"
"02/24/2021","20,296.3","20,740.7","20,814.8","19,851.9","2.58M","-1.97%"
"02/23/2021","20,703.7","20,777.8","20,814.8","20,444.5","4.00M","0.18%"
"02/22/2021","20,666.7","20,703.7","21,185.2","20,555.6","5.38M","0.72%"
"02/19/2021","20,518.5","20,518.5","20,666.7","20,370.4","2.39M","-0.54%"
"02/18/2021","20,629.6","20,592.6","20,629.6","20,296.3","2.00M","0.54%"
"02/17/2021","20,518.5","20,000.0","20,518.5","19,925.9","2.31M","3.17%"
"02/09/2021","19,888.9","19,555.6","20,000.0","19,185.2","2.06M","2.48%"
"02/08/2021","19,407.4","19,777.8","19,925.9","18,518.5","2.88M","-1.87%"
"02/05/2021","19,777.8","19,407.4","20,111.1","19,407.4","1.51M","0.75%"
"02/04/2021","19,629.6","19,925.9","19,925.9","18,888.9","1.51M","-1.12%"
"02/03/2021","19,851.9","19,111.1","20,037.0","18,963.0","2.56M","5.93%"
"02/02/2021","18,740.7","18,037.0","18,888.9","17,777.8","2.22M","3.90%"
"02/01/2021","18,037.0","18,814.8","19,222.2","17,740.7","1.86M","-2.41%"
"01/29/2021","18,481.5","16,296.3","18,481.5","16,296.3","5.10M","6.85%"
"01/28/2021","17,296.3","17,296.3","18,000.0","17,296.3","6.20M","-6.97%"
"01/27/2021","18,592.6","19,259.3","19,703.7","18,444.5","3.83M","-5.99%"
"01/26/2021","19,777.8","20,148.2","20,222.2","19,259.3","3.66M","-2.20%"
"01/25/2021","20,222.2","20,518.5","20,555.6","20,148.2","2.68M","-1.44%"
"01/22/2021","20,518.5","20,963.0","21,111.1","20,481.5","3.71M","-2.81%"
"01/21/2021","21,111.1","20,740.7","21,407.4","20,444.5","4.32M","2.15%"
"01/20/2021","20,666.7","20,740.7","20,963.0","19,259.3","4.94M","-0.18%"
"01/19/2021","20,703.7","21,481.5","21,666.7","19,851.9","6.63M","-2.95%"
"01/18/2021","21,333.3","21,851.9","21,851.9","21,259.3","5.97M","0.35%"
"01/15/2021","21,259.3","20,740.7","21,777.8","20,666.7","11.54M","3.80%"
"01/14/2021","20,481.5","20,444.5","20,592.6","20,185.2","2.97M","0.18%"
"01/13/2021","20,444.5","20,740.7","20,888.9","20,407.4","6.22M","-1.43%"
"01/12/2021","20,740.7","21,000.0","21,000.0","20,222.2","3.43M","-0.71%"
"01/11/2021","20,888.9","21,111.1","21,296.3","20,740.7","4.18M","-1.05%"
"01/08/2021","21,111.1","21,111.1","21,296.3","20,814.8","5.54M","0.53%"
"01/07/2021","21,000.0","20,740.7","21,259.3","20,592.6","5.23M","1.25%"
"01/06/2021","20,740.7","20,703.7","21,259.3","20,444.5","5.06M","0.90%"
"01/05/2021","20,555.6","20,666.7","20,888.9","20,444.5","3.67M","-0.18%"
"01/04/2021","20,592.6","20,481.5","20,666.7","20,148.2","5.02M","3.73%"
"12/31/2020","19,851.9","19,851.9","19,963.0","19,518.5","2.41M","0.94%"
"12/30/2020","19,666.7","19,629.6","20,000.0","19,481.5","2.58M","0.19%"
"12/29/2020","19,629.6","19,629.6","19,925.9","19,481.5","2.11M","-1.49%"
"12/28/2020","19,925.9","20,370.4","20,666.7","19,592.6","2.92M","-0.92%"
"12/25/2020","20,111.1","18,963.0","20,222.2","18,592.6","5.87M","4.42%"
"12/24/2020","19,259.3","19,407.4","19,703.7","18,259.3","3.76M","-1.89%"
"12/23/2020","19,629.6","20,296.3","20,740.7","19,259.3","3.47M","-3.99%"
"12/22/2020","20,444.5","19,925.9","20,963.0","19,925.9","4.89M","3.76%"
"12/21/2020","19,703.7","19,111.1","19,703.7","19,037.0","5.70M","6.83%"
"12/18/2020","18,444.5","17,740.7","18,481.5","17,444.5","4.69M","5.96%"
"12/17/2020","17,407.4","16,888.9","17,666.7","16,629.6","4.13M","3.52%"
"12/16/2020","16,814.8","16,555.6","16,963.0","16,481.5","3.53M","2.25%"
"12/15/2020","16,444.5","16,629.6","16,629.6","16,444.5","1.45M","-1.11%"
"12/14/2020","16,629.6","16,555.6","16,814.8","16,444.5","2.58M","0.67%"
"12/11/2020","16,518.5","16,407.4","16,555.6","16,333.3","2.41M","0.45%"
"12/10/2020","16,444.5","16,666.7","16,666.7","16,444.5","2.67M","-1.11%"
"12/09/2020","16,629.6","16,333.3","16,666.7","16,296.3","4.79M","1.81%"
"12/08/2020","16,333.3","16,370.4","16,370.4","16,259.3","2.65M","0.23%"
"12/07/2020","16,296.3","16,222.2","16,444.5","16,185.2","2.40M","0.46%"
"12/04/2020","16,222.2","16,074.1","16,444.5","15,963.0","3.40M","0.92%"
"12/03/2020","16,074.1","16,185.2","16,222.2","16,000.0","3.34M","-0.91%"
"12/02/2020","16,222.2","16,481.5","16,555.6","16,111.1","5.68M","-2.01%"
"12/01/2020","16,555.6","16,296.3","17,000.0","16,296.3","3.60M","0.22%"
"11/30/2020","16,518.5","16,444.5","16,518.5","15,925.9","4.13M","6.85%"
"11/27/2020","15,459.9","15,065.8","15,459.9","15,035.5","6.24M","2.82%"
"11/26/2020","15,035.5","15,156.7","15,278.0","14,974.9","3.29M","-1.39%"
"11/25/2020","15,247.7","15,459.9","15,490.2","15,217.4","3.23M","-0.59%"
"11/24/2020","15,338.6","15,096.1","15,338.6","14,974.9","9.86M","3.05%"
"11/23/2020","14,883.9","14,944.5","14,974.9","14,762.7","2.98M","-0.41%"
"11/20/2020","14,944.5","14,974.9","15,035.5","14,883.9","2.33M","-0.20%"
"11/19/2020","14,974.9","15,035.5","15,096.1","14,944.5","3.16M","-0.20%"
"11/18/2020","15,005.2","14,974.9","15,065.8","14,883.9","3.40M","1.43%"
"11/17/2020","14,793.0","14,793.0","14,853.6","14,641.4","2.80M","0.83%"
"11/16/2020","14,671.7","14,853.6","14,914.2","14,671.7","2.67M","-0.41%"
"11/13/2020","14,732.4","14,762.7","14,823.3","14,641.4","2.52M","0.41%"
"11/12/2020","14,671.7","14,671.7","14,702.0","14,550.5","2.07M","0.21%"
"11/11/2020","14,641.4","14,671.7","14,853.6","14,550.5","3.11M","0.62%"
"11/10/2020","14,550.5","14,974.9","15,035.5","14,550.5","2.65M","-2.04%"
"11/09/2020","14,853.6","14,277.7","14,853.6","14,277.7","6.05M","4.48%"
"11/06/2020","14,217.0","14,186.7","14,277.7","14,126.1","1.52M","0.21%"
"11/05/2020","14,186.7","14,338.3","14,398.9","14,186.7","1.99M","-1.06%"
"11/04/2020","14,338.3","14,247.3","14,368.6","14,156.4","2.97M","1.50%"
"11/03/2020","14,126.1","14,065.5","14,247.3","13,944.2","2.60M","0.87%"
"11/02/2020","14,004.8","13,883.6","14,035.1","13,883.6","1.77M","1.32%"
"10/30/2020","13,822.9","13,883.6","14,004.8","13,580.4","1.51M","0.22%"
"10/29/2020","13,792.6","13,519.8","13,944.2","13,519.8","3.22M","2.94%"
"10/28/2020","13,398.6","14,277.7","14,308.0","13,398.6","3.28M","-6.95%"
"10/27/2020","14,398.9","14,489.8","14,550.5","14,186.7","4.44M","-1.04%"
"10/26/2020","14,550.5","14,944.5","15,065.8","14,550.5","3.22M","-2.64%"
"10/23/2020","14,944.5","15,278.0","15,278.0","14,944.5","3.59M","-2.18%"
"10/22/2020","15,278.0","15,156.7","15,278.0","14,853.6","3.34M","0.80%"
"10/21/2020","15,156.7","15,550.8","15,641.8","15,156.7","6.65M","-2.53%"
"10/20/2020","15,550.8","15,520.5","15,702.4","15,399.3","5.50M","0.59%"
"10/19/2020","15,459.9","15,187.1","15,581.1","15,096.1","6.08M","2.20%"
"10/16/2020","15,126.4","15,005.2","15,459.9","14,974.9","5.97M","0.60%"
"10/15/2020","15,035.5","15,187.1","15,217.4","15,035.5","4.84M","-0.80%"
"10/14/2020","15,156.7","15,126.4","15,247.7","15,035.5","5.40M","0.60%"
"10/13/2020","15,065.8","15,035.5","15,187.1","14,883.9","3.19M","0.20%"
"10/12/2020","15,035.5","15,217.4","15,278.0","15,035.5","3.34M","-0.40%"
"10/09/2020","15,096.1","14,914.2","15,187.1","14,853.6","5.74M","1.22%"
"10/08/2020","14,914.2","15,096.1","15,156.7","14,823.3","3.16M","-0.61%"
"10/07/2020","15,005.2","15,126.4","15,217.4","14,974.9","4.53M","-1.39%"
"10/06/2020","15,217.4","15,217.4","15,459.9","15,065.8","5.79M","-0.20%"
"10/05/2020","15,247.7","15,156.7","15,338.6","15,126.4","5.89M","1.21%"
"10/02/2020","15,065.8","15,096.1","15,217.4","14,611.1","5.51M","0.61%"
"10/01/2020","14,974.9","14,247.3","15,065.8","14,247.3","7.27M","5.33%"
"09/30/2020","14,217.0","14,247.3","14,338.3","14,156.4","4.69M","0.64%"
"09/29/2020","14,126.1","14,429.2","14,489.8","14,126.1","1.85M","-1.69%"
"09/28/2020","14,368.6","14,247.3","14,550.5","14,247.3","1.66M","0.85%"
"09/25/2020","14,247.3","14,429.2","14,459.5","14,247.3","2.39M","-1.26%"
"09/24/2020","14,429.2","14,368.6","14,489.8","14,338.3","2.36M","0.42%"
"09/23/2020","14,368.6","14,489.8","14,671.7","14,368.6","2.70M","-0.84%"
"09/22/2020","14,489.8","14,308.0","14,853.6","14,308.0","4.72M","0.84%"
"09/21/2020","14,368.6","14,550.5","14,580.8","14,338.3","2.38M","-0.21%"
"09/18/2020","14,398.9","13,913.9","14,520.2","13,853.3","4.69M","3.49%"
"09/17/2020","13,913.9","13,913.9","13,974.5","13,853.3","2.19M","0.00%"
"09/16/2020","13,913.9","13,944.2","13,974.5","13,853.3","2.16M","0.00%"
"09/15/2020","13,913.9","13,944.2","14,004.8","13,853.3","2.11M","-0.43%"
"09/14/2020","13,974.5","14,065.5","14,126.1","13,944.2","1.71M","-0.43%"
"09/11/2020","14,035.1","14,065.5","14,065.5","13,944.2","1.89M","-0.43%"
"09/10/2020","14,095.8","13,974.5","14,126.1","13,944.2","2.40M","1.09%"
"09/09/2020","13,944.2","13,822.9","13,974.5","13,732.0","2.20M","0.22%"
"09/08/2020","13,913.9","13,822.9","14,004.8","13,822.9","1.81M","0.66%"
"09/07/2020","13,822.9","14,035.1","14,186.7","13,822.9","2.30M","-1.51%"
"09/04/2020","14,035.1","14,126.1","14,186.7","13,944.2","624.10K","-1.70%"
"09/03/2020","14,277.7","14,186.7","14,308.0","13,944.2","618.77K","0.64%"
"09/01/2020","14,186.7","13,762.3","14,368.6","13,701.7","933.36K","4.00%"
"08/31/2020","13,641.1","13,580.4","13,701.7","13,519.8","354.02K","0.90%"
"08/28/2020","13,519.8","13,580.4","13,580.4","13,428.9","440.37K","0.00%"
"08/27/2020","13,519.8","13,580.4","13,580.4","13,337.9","211.97K","0.00%"
"08/26/2020","13,519.8","13,641.1","13,641.1","13,519.8","247.55K","-0.67%"
"08/25/2020","13,610.8","13,580.4","13,610.8","13,459.2","464.73K","0.22%"
"08/24/2020","13,580.4","13,701.7","13,792.6","13,519.8","754.40K","1.82%"
"08/21/2020","13,337.9","13,095.4","13,398.6","13,095.4","361.85K","2.80%"
"08/20/2020","12,974.2","12,671.0","12,974.2","12,671.0","248.06K","1.18%"
"08/19/2020","12,822.6","12,913.5","12,913.5","12,671.0","41.50K","0.24%"
"08/18/2020","12,792.3","12,913.5","12,913.5","12,640.7","116.88K","0.24%"
"08/17/2020","12,762.0","12,610.4","12,792.3","12,610.4","51.26K","0.00%"
"08/14/2020","12,762.0","12,792.3","12,974.2","12,762.0","43.20K","-1.41%"
"08/13/2020","12,943.9","12,913.5","12,943.9","12,822.6","21.20K","1.19%"
"08/12/2020","12,792.3","12,792.3","12,852.9","12,731.7","68.70K","0.00%"
"08/11/2020","12,792.3","12,792.3","12,792.3","12,671.0","62.68K","0.48%"
"08/10/2020","12,731.7","12,671.0","12,792.3","12,671.0","104.90K","0.48%"
"08/07/2020","12,671.0","12,852.9","12,852.9","12,610.4","36.78K","-0.48%"
"08/06/2020","12,731.7","12,731.7","12,731.7","12,580.1","85.70K","0.00%"
"08/05/2020","12,731.7","13,034.8","13,034.8","12,610.4","43.54K","0.48%"
"08/04/2020","12,671.0","12,731.7","13,034.8","12,519.5","124.05K","1.21%"
"08/03/2020","12,519.5","12,549.8","12,549.8","12,489.2","38.43K","0.24%"
"07/31/2020","12,489.2","12,004.1","12,489.2","12,004.1","58.04K","0.49%"
"07/30/2020","12,428.5","12,125.4","12,428.5","12,125.4","27.83K","0.98%"
"07/29/2020","12,307.3","12,246.6","12,428.5","11,943.5","107.59K","-2.64%"
"07/28/2020","12,640.7","11,822.3","12,640.7","11,822.3","348.76K","6.92%"
"07/27/2020","11,822.3","11,761.6","12,367.9","11,761.6","167.05K","-5.80%"
"07/24/2020","12,549.8","12,852.9","13,216.7","12,428.5","255.81K","-3.27%"
"07/23/2020","12,974.2","13,095.4","13,095.4","12,731.7","110.99K","-0.46%"
"07/22/2020","13,034.8","13,216.7","13,216.7","12,792.3","97.91K","0.00%"
"07/21/2020","13,034.8","13,247.0","13,247.0","12,943.9","118.18K","-1.60%"
"07/20/2020","13,247.0","13,337.9","13,337.9","13,247.0","50.72K","-0.68%"
"07/17/2020","13,337.9","13,247.0","13,398.6","13,247.0","104.13K","-0.45%"
"07/16/2020","13,398.6","13,125.7","13,459.2","13,004.5","192.04K","2.08%"
"07/15/2020","13,125.7","13,186.4","13,247.0","13,095.4","37.57K","-0.23%"
"07/14/2020","13,156.1","13,216.7","13,216.7","13,004.5","56.79K","-0.46%"
"07/13/2020","13,216.7","13,216.7","13,580.4","13,034.8","137.02K","0.46%"
"07/10/2020","13,156.1","13,034.8","13,307.6","13,034.8","111.47K","-1.14%"
"07/09/2020","13,307.6","13,034.8","13,519.8","13,034.8","354.56K","2.57%"
"07/08/2020","12,974.2","12,701.4","13,156.1","12,701.4","130.68K","2.15%"
"07/07/2020","12,701.4","12,731.7","12,913.5","12,701.4","140.80K","0.24%"
"07/06/2020","12,671.0","12,580.1","12,671.0","12,519.5","90.92K","1.46%"
"07/03/2020","12,489.2","12,610.4","12,610.4","12,489.2","37.49K","-0.96%"
"07/02/2020","12,610.4","12,428.5","12,640.7","12,428.5","55.16K","-0.24%"
"07/01/2020","12,640.7","12,489.2","12,671.0","12,428.5","37.95K","1.21%"
"06/30/2020","12,489.2","12,640.7","12,640.7","12,489.2","58.42K","-1.20%"
"06/29/2020","12,640.7","12,731.7","12,731.7","12,307.3","149.26K","-1.42%"
"06/26/2020","12,822.6","12,549.8","12,822.6","12,549.8","98.55K","0.71%"
"06/25/2020","12,731.7","12,640.7","12,792.3","12,489.2","123.72K","-1.18%"
"06/24/2020","12,883.2","12,671.0","12,913.5","12,671.0","245.07K","-0.23%"
"06/23/2020","12,913.5","12,974.2","12,974.2","12,580.1","239.32K","1.67%"
"06/22/2020","12,701.4","12,731.7","12,913.5","12,428.5","202.01K","-0.24%"
"06/19/2020","12,731.7","12,549.8","12,731.7","12,398.2","135.42K","1.69%"
"06/18/2020","12,519.5","12,367.9","12,549.8","12,367.9","33.22K","0.49%"
"06/17/2020","12,458.8","12,731.7","12,731.7","12,458.8","32.49K","-2.14%"
"06/16/2020","12,731.7","12,307.3","12,731.7","12,307.3","111.93K","3.45%"
"06/15/2020","12,307.3","12,731.7","12,731.7","12,307.3","136.33K","-3.33%"
"06/12/2020","12,731.7","11,701.0","12,731.7","11,701.0","246.31K","1.94%"
"06/11/2020","12,489.2","13,337.9","13,428.9","12,489.2","208.67K","-6.36%"
"06/10/2020","13,337.9","13,125.7","13,337.9","13,125.7","209.03K","1.62%"
"06/09/2020","13,125.7","13,216.7","13,216.7","13,034.8","70.58K","-0.69%"
"06/08/2020","13,216.7","13,156.1","13,337.9","13,156.1","219.36K","-0.68%"
"06/05/2020","13,307.6","13,277.3","13,398.6","13,216.7","533.72K","-0.23%"
"06/04/2020","13,337.9","13,337.9","13,398.6","13,277.3","516.65K","0.23%"
"06/03/2020","13,307.6","12,731.7","13,398.6","12,731.7","901.56K","4.52%"
"06/02/2020","12,731.7","12,913.5","13,034.8","12,731.7","207.04K","-1.41%"
"06/01/2020","12,913.5","12,610.4","12,974.2","12,610.4","248.14K","3.15%"
"05/29/2020","12,519.5","12,489.2","12,610.4","12,428.5","203.41K","0.00%"
"05/28/2020","12,519.5","12,731.7","13,004.5","12,489.2","145.53K","-1.20%"
"05/27/2020","12,671.0","12,974.2","13,034.8","12,671.0","123.59K","-0.95%"
"05/26/2020","12,792.3","12,731.7","12,792.3","12,549.8","392.65K","0.48%"
"05/25/2020","12,731.7","12,731.7","12,913.5","12,610.4","128.57K","0.00%"
"05/22/2020","12,731.7","13,307.6","13,337.9","12,731.7","274.91K","-3.67%"
"05/21/2020","13,216.7","13,277.3","13,337.9","13,095.4","266.43K","-0.68%"
"05/20/2020","13,307.6","13,337.9","13,337.9","13,095.4","224.95K","-0.23%"
"05/19/2020","13,337.9","13,277.3","13,398.6","13,034.8","512.76K","2.33%"
"05/18/2020","13,034.8","12,731.7","13,216.7","12,671.0","168.59K","-1.60%"
"05/15/2020","13,247.0","12,792.3","13,247.0","12,610.4","558.35K","0.00%"
"05/14/2020","13,247.0","13,641.1","13,641.1","13,004.5","1.08M","1.86%"
"05/13/2020","13,004.5","12,186.0","13,004.5","12,034.5","572.06K","6.98%"
"05/12/2020","12,155.7","11,397.9","12,155.7","11,246.3","582.94K","6.93%"
"05/11/2020","11,367.6","10,973.5","11,519.1","10,973.5","227.01K","3.59%"
"05/08/2020","10,973.5","11,034.1","11,216.0","10,943.2","277.37K","0.00%"
"05/07/2020","10,973.5","11,034.1","11,034.1","10,882.5","141.41K","0.84%"
"05/06/2020","10,882.5","10,731.0","10,912.9","10,670.3","168.16K","1.99%"
"05/05/2020","10,670.3","10,670.3","10,670.3","10,549.1","55.67K","1.15%"
"05/04/2020","10,549.1","10,427.8","10,640.0","10,427.8","123.18K","0.00%"
"04/29/2020","10,549.1","10,609.7","10,700.7","10,427.8","145.22K","-0.57%"
"04/28/2020","10,609.7","10,731.0","10,731.0","10,427.8","57.09K","0.00%"
"04/27/2020","10,609.7","10,731.0","10,791.6","10,549.1","48.10K","-1.13%"
"04/24/2020","10,731.0","10,943.2","10,943.2","10,731.0","56.54K","0.00%"
"04/23/2020","10,731.0","11,034.1","11,034.1","10,609.7","52.25K","0.00%"
"04/22/2020","10,731.0","10,306.6","10,731.0","10,306.6","54.76K","2.91%"
"04/21/2020","10,427.8","11,064.4","11,064.4","10,367.2","257.48K","-6.01%"
"04/20/2020","11,094.7","11,216.0","11,337.2","11,094.7","208.62K","-1.08%"
"04/17/2020","11,216.0","10,973.5","11,276.6","10,973.5","223.53K","1.93%"
"04/16/2020","11,003.8","11,094.7","11,094.7","10,791.6","121.58K","-0.82%"
"04/15/2020","11,094.7","10,518.8","11,094.7","10,518.8","325.60K","5.47%"
"04/14/2020","10,518.8","10,609.7","10,640.0","10,427.8","197.45K","-0.29%"
"04/13/2020","10,549.1","10,518.8","10,609.7","10,427.8","337.23K","1.16%"
"04/10/2020","10,427.8","10,549.1","10,549.1","10,306.6","142.96K","-1.15%"
"04/09/2020","10,549.1","10,579.4","10,670.3","10,427.8","276.99K","1.75%"
"04/08/2020","10,367.2","10,003.5","10,518.8","10,003.5","86.28K","-2.29%"
"04/07/2020","10,609.7","10,609.7","10,609.7","10,246.0","330.41K","0.29%"
"04/06/2020","10,579.4","10,306.6","10,609.7","10,155.0","652.37K","4.18%"
"04/03/2020","10,155.0","9,821.6","10,246.0","9,821.6","167.30K","3.39%"
"04/01/2020","9,821.6","9,670.0","10,609.7","9,670.0","472.92K","-5.54%"
"03/31/2020","10,397.5","11,155.4","11,155.4","10,397.5","201.91K","-6.79%"
"03/30/2020","11,155.4","11,216.0","11,822.3","11,155.4","274.33K","-6.83%"
"03/27/2020","11,973.8","12,004.1","12,428.5","11,973.8","163.00K","-3.66%"
"03/26/2020","12,428.5","13,277.3","13,277.3","12,428.5","193.79K","-6.39%"
"03/25/2020","13,277.3","13,065.1","13,307.6","13,065.1","411.98K","-0.23%"
"03/24/2020","13,307.6","13,034.8","13,307.6","12,731.7","2.33M","3.05%"
"03/23/2020","12,913.5","13,277.3","13,277.3","12,428.5","1.26M","-2.74%"
"03/20/2020","13,277.3","12,640.7","13,277.3","12,640.7","1.76M","2.82%"
"03/19/2020","12,913.5","12,883.2","12,913.5","12,610.4","830.39K","0.00%"
"03/18/2020","12,913.5","12,731.7","12,913.5","12,640.7","920.55K","1.43%"
"03/17/2020","12,731.7","12,307.3","12,731.7","11,913.2","444.72K","2.69%"
"03/16/2020","12,398.2","11,913.2","12,398.2","11,913.2","930.11K","4.07%"
"03/13/2020","11,913.2","11,458.5","12,367.9","11,458.5","464.50K","-3.20%"
"03/12/2020","12,307.3","12,307.3","12,367.9","11,852.6","1.01M","-3.33%"
"03/11/2020","12,731.7","12,731.7","12,731.7","11,943.5","254.21K","0.00%"
"03/10/2020","12,731.7","11,731.3","12,731.7","11,731.3","399.71K","2.44%"
"03/09/2020","12,428.5","12,428.5","12,731.7","12,428.5","723.74K","-6.82%"
"03/06/2020","13,337.9","13,277.3","13,337.9","13,125.7","384.58K","0.00%"
"03/05/2020","13,337.9","13,519.8","13,519.8","13,277.3","512.35K","0.46%"
"03/04/2020","13,277.3","13,186.4","13,428.9","12,943.9","1.11M","2.34%"
"03/03/2020","12,974.2","13,034.8","13,186.4","12,943.9","419.50K","0.23%"
"03/02/2020","12,943.9","13,004.5","13,034.8","12,792.3","163.69K","-0.23%"
"02/28/2020","12,974.2","12,913.5","13,004.5","12,731.7","258.15K","-0.23%"
"02/27/2020","13,004.5","12,580.1","13,156.1","12,428.5","447.18K","3.37%"
"02/26/2020","12,580.1","12,671.0","12,671.0","12,428.5","69.13K","-0.96%"
"02/25/2020","12,701.4","11,943.5","12,701.4","11,943.5","44.98K","3.46%"
"02/24/2020","12,277.0","12,428.5","12,731.7","12,277.0","266.37K","-4.93%"
"02/21/2020","12,913.5","12,943.9","13,004.5","12,852.9","148.94K","-0.47%"
"02/20/2020","12,974.2","12,974.2","13,004.5","12,943.9","240.03K","0.47%"
"02/19/2020","12,913.5","13,156.1","13,156.1","12,913.5","205.82K","-2.29%"
"02/18/2020","13,216.7","13,216.7","13,247.0","13,034.8","183.09K","0.00%"
"02/17/2020","13,216.7","13,277.3","13,307.6","13,034.8","341.88K","0.00%"
"02/14/2020","13,216.7","12,762.0","13,277.3","12,762.0","486.38K","3.56%"
"02/13/2020","12,762.0","12,762.0","12,852.9","12,701.4","187.62K","0.00%"
"02/12/2020","12,762.0","12,731.7","12,852.9","12,731.7","148.65K","0.24%"
"02/11/2020","12,731.7","12,671.0","12,762.0","12,610.4","71.17K","0.48%"
"02/10/2020","12,671.0","12,792.3","12,792.3","12,549.8","118.51K","0.48%"
"02/07/2020","12,610.4","12,762.0","12,943.9","12,610.4","129.36K","-2.80%"
"02/06/2020","12,974.2","12,762.0","13,034.8","12,671.0","127.75K","1.42%"
"02/05/2020","12,792.3","12,640.7","12,792.3","12,640.7","47.03K","0.48%"
"02/04/2020","12,731.7","12,731.7","12,762.0","12,428.5","24.08K","1.21%"
"02/03/2020","12,580.1","11,882.9","12,580.1","11,822.3","285.70K","-0.72%"
"01/31/2020","12,671.0","12,792.3","12,974.2","12,125.4","147.61K","-2.34%"
"01/30/2020","12,974.2","12,883.2","12,974.2","12,792.3","169.89K","-0.46%"
"01/22/2020","13,034.8","12,852.9","13,065.1","12,852.9","74.34K","0.00%"
"01/21/2020","13,034.8","12,671.0","13,095.4","12,671.0","202.75K","0.00%"
"01/20/2020","13,034.8","13,065.1","13,186.4","12,155.7","128.66K","-0.23%"
"01/17/2020","13,065.1","13,428.9","13,428.9","13,065.1","62.40K","-1.60%"
"01/16/2020","13,277.3","13,186.4","13,398.6","13,186.4","632.31K","0.69%"
"01/15/2020","13,186.4","13,156.1","13,186.4","12,792.3","76.45K","0.23%"
"01/14/2020","13,156.1","13,065.1","13,156.1","13,065.1","373.17K","0.70%"
"01/13/2020","13,065.1","13,034.8","13,125.7","12,974.2","162.40K","0.23%"
"01/10/2020","13,034.8","12,792.3","13,065.1","12,792.3","220.99K","1.90%"
"01/09/2020","12,792.3","12,671.0","12,913.5","12,671.0","313.06K","0.96%"
"01/08/2020","12,671.0","12,852.9","12,852.9","12,671.0","169.69K","-1.42%"
"01/07/2020","12,852.9","12,822.6","12,883.2","12,762.0","107.31K","0.24%"
"01/06/2020","12,822.6","12,974.2","12,974.2","12,731.7","185.79K","-1.63%"
"01/03/2020","13,034.8","12,913.5","13,216.7","12,913.5","163.57K","0.94%"
"01/02/2020","12,913.5","12,792.3","13,580.4","12,731.7","214.62K","1.19%"
"12/31/2019","12,762.0","12,822.6","12,822.6","12,731.7","77.26K","-0.24%"
"12/30/2019","12,792.3","12,792.3","12,792.3","12,731.7","122.67K","0.00%"
"12/27/2019","12,792.3","12,883.2","12,883.2","12,762.0","79.85K","-0.24%"
"12/26/2019","12,822.6","12,792.3","12,822.6","12,731.7","265.51K","0.71%"
"12/25/2019","12,731.7","12,701.4","12,792.3","12,701.4","374.82K","-0.24%"
"12/24/2019","12,762.0","12,731.7","12,762.0","12,701.4","135.60K","0.24%"
"12/23/2019","12,731.7","12,731.7","12,762.0","12,701.4","373.65K","0.00%"
"12/20/2019","12,731.7","12,671.0","12,731.7","12,671.0","344.63K","0.96%"
"12/19/2019","12,610.4","12,731.7","12,731.7","12,610.4","633.15K","0.00%"
"12/18/2019","12,610.4","12,610.4","12,731.7","12,580.1","393.98K","-0.95%"
"12/17/2019","12,731.7","12,731.7","12,731.7","12,610.4","236.78K","0.00%"
"12/16/2019","12,731.7","12,731.7","12,731.7","12,610.4","97.60K","0.00%"
"12/13/2019","12,731.7","12,671.0","12,731.7","12,610.4","159.43K","0.00%"
"12/12/2019","12,731.7","12,792.3","12,792.3","12,610.4","239.15K","0.00%"
"12/11/2019","12,731.7","12,852.9","12,913.5","12,610.4","273.76K","-0.94%"
"12/10/2019","12,852.9","13,034.8","13,034.8","12,610.4","150.28K","-1.40%"
"12/09/2019","13,034.8","13,156.1","13,156.1","12,671.0","151.88K","-0.92%"
"12/06/2019","13,156.1","13,156.1","13,186.4","13,095.4","136.44K","-0.46%"
"12/05/2019","13,216.7","13,277.3","13,277.3","13,156.1","190.18K","-0.46%"
"12/04/2019","13,277.3","13,034.8","13,398.6","13,034.8","225.08K","0.69%"
"12/03/2019","13,186.4","13,247.0","13,247.0","13,095.4","378.13K","-0.46%"
"12/02/2019","13,247.0","13,277.3","13,277.3","13,156.1","309.71K","-0.23%"
"11/29/2019","13,277.3","13,216.7","13,277.3","13,065.1","187.77K","0.46%"
"11/28/2019","13,216.7","13,216.7","13,247.0","13,034.8","160.42K","-0.46%"
"11/27/2019","13,277.3","13,277.3","13,277.3","13,216.7","279.05K","0.00%"
"11/26/2019","13,277.3","13,216.7","13,307.6","13,095.4","288.58K","0.46%"
"11/25/2019","13,216.7","13,216.7","13,337.9","13,034.8","177.15K","0.00%"
"11/22/2019","13,216.7","13,459.2","13,519.8","13,216.7","479.92K","-2.24%"
"11/21/2019","13,519.8","13,519.8","13,519.8","13,337.9","360.30K","0.00%"
"11/20/2019","13,519.8","13,550.1","13,550.1","13,398.6","372.14K","-0.22%"
"11/19/2019","13,550.1","13,459.2","13,550.1","13,337.9","418.02K","0.68%"
"11/18/2019","13,459.2","13,550.1","13,550.1","13,307.6","662.25K","-0.22%"
"11/15/2019","13,489.5","13,610.8","13,610.8","13,459.2","537.78K","-0.89%"
"11/14/2019","13,610.8","13,671.4","13,671.4","13,519.8","567.90K","-0.44%"
"11/13/2019","13,671.4","13,701.7","13,701.7","13,519.8","297.26K","-0.22%"
"11/12/2019","13,701.7","13,762.3","13,762.3","13,641.1","269.15K","0.00%"
"11/11/2019","13,701.7","13,792.6","13,792.6","13,641.1","208.27K","0.00%"
"11/08/2019","13,701.7","13,610.8","13,701.7","13,580.4","803.03K","0.44%"
"11/07/2019","13,641.1","13,641.1","13,671.4","13,580.4","374.97K","0.00%"
"11/06/2019","13,641.1","13,641.1","13,641.1","13,580.4","102.88K","-0.22%"
"11/05/2019","13,671.4","13,580.4","13,732.0","13,550.1","511.44K","0.67%"
"11/04/2019","13,580.4","13,519.8","13,610.8","13,489.5","108.86K","-0.22%"
"11/01/2019","13,610.8","13,610.8","13,641.1","13,489.5","295.99K","0.00%"
"10/31/2019","13,610.8","13,641.1","13,641.1","13,489.5","143.83K","-0.22%"
"10/30/2019","13,641.1","13,550.1","13,671.4","13,428.9","215.05K","0.67%"
"10/29/2019","13,550.1","13,489.5","13,550.1","13,459.2","214.39K","0.45%"
"10/28/2019","13,489.5","13,580.4","13,580.4","13,489.5","215.98K","-0.67%"
"10/25/2019","13,580.4","13,641.1","13,641.1","13,489.5","142.69K","-0.44%"
"10/24/2019","13,641.1","13,580.4","13,641.1","13,459.2","487.31K","0.45%"
"10/23/2019","13,580.4","13,519.8","13,580.4","13,428.9","433.37K","0.22%"
"10/22/2019","13,550.1","13,641.1","13,701.7","13,550.1","324.41K","-1.54%"
"10/21/2019","13,762.3","13,762.3","13,762.3","13,580.4","160.08K","0.00%"
"10/18/2019","13,762.3","13,732.0","13,822.9","13,610.8","402.89K","0.00%"
"10/17/2019","13,762.3","13,550.1","13,883.6","13,550.1","2.09M","1.34%"
"10/16/2019","13,580.4","13,580.4","13,610.8","13,519.8","245.34K","0.00%"
"10/15/2019","13,580.4","13,580.4","13,580.4","13,489.5","296.09K","-0.22%"
"10/14/2019","13,610.8","13,580.4","13,610.8","13,459.2","908.72K","0.22%"
"10/11/2019","13,580.4","13,580.4","13,580.4","13,428.9","227.90K","0.00%"
"10/10/2019","13,580.4","13,610.8","13,610.8","13,459.2","348.26K","0.00%"
"10/09/2019","13,580.4","13,580.4","13,580.4","13,519.8","149.21K","0.45%"
"10/08/2019","13,519.8","13,519.8","13,519.8","13,398.6","159.60K","0.00%"
"10/07/2019","13,519.8","13,580.4","13,641.1","13,459.2","459.07K","-0.45%"
"10/04/2019","13,580.4","13,580.4","13,580.4","13,459.2","473.52K","0.00%"
"10/03/2019","13,580.4","13,641.1","13,641.1","13,519.8","231.78K","-0.44%"
"10/02/2019","13,641.1","13,580.4","13,671.4","13,550.1","398.95K","0.00%"
"10/01/2019","13,641.1","13,580.4","13,671.4","13,459.2","814.08K","0.45%"
"09/30/2019","13,580.4","13,459.2","13,610.8","13,459.2","253.57K","0.00%"
"09/27/2019","13,580.4","13,641.1","13,641.1","13,428.9","178.67K","-0.44%"
"09/26/2019","13,641.1","13,519.8","13,671.4","13,337.9","614.64K","0.90%"
"09/25/2019","13,519.8","13,519.8","13,580.4","13,337.9","230.90K","0.00%"
"09/24/2019","13,519.8","13,428.9","13,519.8","13,125.7","646.33K","0.45%"
"09/23/2019","13,459.2","13,550.1","13,550.1","13,216.7","756.58K","-0.67%"
"09/20/2019","13,550.1","13,762.3","13,762.3","13,307.6","1.96M","-1.54%"
"09/19/2019","13,762.3","13,641.1","13,762.3","13,550.1","621.87K","0.89%"
"09/18/2019","13,641.1","13,580.4","13,641.1","13,519.8","209.54K","0.00%"
"09/17/2019","13,641.1","13,641.1","13,641.1","13,519.8","235.01K","0.00%"
"09/16/2019","13,641.1","13,641.1","13,822.9","13,550.1","106.09K","0.00%"
"09/13/2019","13,641.1","13,398.6","13,701.7","13,277.3","420.56K","1.35%"
"09/12/2019","13,459.2","13,398.6","13,580.4","13,216.7","131.46K","0.45%"
"09/11/2019","13,398.6","13,307.6","13,398.6","13,034.8","168.92K","0.68%"
"09/10/2019","13,307.6","13,277.3","13,459.2","12,731.7","538.67K","-0.90%"
"09/09/2019","13,428.9","13,580.4","13,580.4","13,307.6","526.66K","-1.12%"
"09/06/2019","13,580.4","13,580.4","13,671.4","13,337.9","562.42K","0.00%"
"09/05/2019","13,580.4","13,822.9","13,822.9","13,459.2","361.82K","-1.32%"
"09/04/2019","13,762.3","13,550.1","13,762.3","12,883.2","388.84K","0.00%"
"09/03/2019","13,762.3","14,095.8","14,095.8","13,762.3","448.74K","-2.37%"
"08/30/2019","14,095.8","14,035.1","14,126.1","14,035.1","999.37K","1.09%"
"08/29/2019","13,944.2","13,883.6","13,944.2","13,822.9","722.02K","1.10%"
"08/28/2019","13,792.6","13,701.7","13,822.9","13,701.7","197.47K","0.44%"
"08/27/2019","13,732.0","13,641.1","13,822.9","13,641.1","335.94K","0.44%"
"08/26/2019","13,671.4","13,641.1","13,671.4","13,610.8","87.44K","-0.22%"
"08/23/2019","13,701.7","13,489.5","13,762.3","13,489.5","228.00K","0.67%"
"08/22/2019","13,610.8","13,580.4","13,610.8","13,489.5","247.45K","0.22%"
"08/21/2019","13,580.4","13,550.1","13,580.4","13,368.2","467.61K","0.22%"
"08/20/2019","13,550.1","13,580.4","13,580.4","13,459.2","294.85K","-0.22%"
"08/19/2019","13,580.4","13,580.4","13,671.4","13,428.9","228.45K","-0.22%"
"08/16/2019","13,610.8","13,580.4","13,610.8","13,428.9","221.39K","0.22%"
"08/15/2019","13,580.4","13,519.8","13,580.4","13,428.9","225.02K","-0.22%"
"08/14/2019","13,610.8","13,701.7","13,701.7","13,459.2","357.28K","-0.66%"
"08/13/2019","13,701.7","13,641.1","13,732.0","13,337.9","726.67K","0.00%"
"08/12/2019","13,701.7","13,822.9","13,822.9","13,580.4","121.58K","0.00%"
"08/09/2019","13,701.7","13,671.4","13,762.3","13,519.8","512.16K","0.22%"
"08/08/2019","13,671.4","13,641.1","13,671.4","13,428.9","316.72K","0.22%"
"08/07/2019","13,641.1","13,641.1","13,701.7","13,519.8","170.47K","0.00%"
"08/06/2019","13,641.1","13,641.1","13,641.1","13,337.9","244.45K","0.00%"
"08/05/2019","13,641.1","13,398.6","13,944.2","13,337.9","358.54K","1.58%"
"08/02/2019","13,428.9","13,610.8","13,610.8","13,277.3","805.75K","-1.56%"
"08/01/2019","13,641.1","13,822.9","13,822.9","13,610.8","311.00K","-1.32%"
"07/31/2019","13,822.9","13,853.3","13,853.3","13,641.1","254.57K","0.00%"
"07/30/2019","13,822.9","13,883.6","13,883.6","13,732.0","186.47K","-0.44%"
"07/29/2019","13,883.6","13,913.9","13,913.9","13,822.9","290.71K","-0.22%"
"07/26/2019","13,913.9","13,913.9","13,944.2","13,822.9","743.33K","-0.22%"
"07/25/2019","13,944.2","13,944.2","13,974.5","13,822.9","599.85K","-0.22%"
"07/24/2019","13,974.5","14,065.5","14,065.5","13,822.9","344.15K","-0.22%"
"07/23/2019","14,004.8","14,095.8","14,095.8","13,853.3","357.38K","0.43%"
"07/22/2019","13,944.2","13,792.6","13,944.2","13,732.0","491.48K","0.88%"
"07/19/2019","13,822.9","14,065.5","14,126.1","13,822.9","898.40K","-1.72%"
"07/18/2019","14,065.5","14,186.7","14,186.7","14,004.8","162.67K","-0.85%"
"07/17/2019","14,186.7","14,247.3","14,247.3","14,065.5","859.11K","0.43%"
"07/16/2019","14,126.1","14,065.5","14,247.3","14,065.5","2.14M","1.08%"
"07/15/2019","13,974.5","13,883.6","13,974.5","13,853.3","855.89K","0.65%"
"07/12/2019","13,883.6","13,944.2","13,944.2","13,822.9","375.58K","-0.22%"
"07/11/2019","13,913.9","13,944.2","13,974.5","13,883.6","639.78K","-0.22%"
"07/10/2019","13,944.2","14,004.8","14,004.8","13,883.6","618.27K","0.00%"
"07/09/2019","13,944.2","13,944.2","14,004.8","13,883.6","670.61K","0.00%"
"07/08/2019","13,944.2","14,065.5","14,065.5","13,822.9","603.39K","-0.43%"
"07/05/2019","14,004.8","14,126.1","14,126.1","13,944.2","585.86K","-0.43%"
"07/04/2019","14,065.5","14,065.5","14,095.8","13,974.5","1.56M","0.43%"
"07/03/2019","14,004.8","14,095.8","14,095.8","13,913.9","1.14M","0.43%"
"07/02/2019","13,944.2","14,065.5","14,065.5","13,883.6","697.94K","0.44%"
"07/01/2019","13,883.6","13,853.3","13,974.5","13,822.9","494.90K","0.22%"
"06/28/2019","13,853.3","13,913.9","13,913.9","13,641.1","572.40K","0.66%"
"06/27/2019","13,762.3","13,762.3","13,822.9","13,671.4","576.26K","0.00%"
"06/26/2019","13,762.3","13,913.9","13,913.9","13,641.1","1.01M","-0.87%"
"06/25/2019","13,883.6","13,913.9","13,944.2","13,580.4","1.26M","-0.22%"
"06/24/2019","13,913.9","14,308.0","14,308.0","13,913.9","817.59K","-2.75%"
"06/21/2019","14,308.0","14,429.2","14,429.2","14,126.1","826.51K","0.00%"
"06/20/2019","14,308.0","14,308.0","14,338.3","14,065.5","1.14M","0.86%"
"06/19/2019","14,186.7","14,004.8","14,429.2","14,004.8","497.62K","-0.64%"
"06/18/2019","14,277.7","14,186.7","15,156.7","14,186.7","1.30M","-3.88%"
"06/17/2019","14,853.6","15,096.1","15,096.1","14,550.5","986.43K","-1.61%"
"06/14/2019","15,096.1","15,399.3","15,399.3","14,974.9","4.51M","-1.97%"
"06/13/2019","15,399.3","15,096.1","15,399.3","14,732.4","5.02M","0.79%"
"06/12/2019","15,278.0","15,278.0","15,308.3","15,035.5","2.21M","-1.18%"
"06/11/2019","15,459.9","14,762.7","15,459.9","14,641.4","2.04M","4.72%"
"06/10/2019","14,762.7","14,671.7","14,823.3","14,550.5","1.52M","1.04%"
"06/07/2019","14,611.1","14,520.2","14,611.1","14,429.2","1.28M","0.84%"
"06/06/2019","14,489.8","14,550.5","14,550.5","14,247.3","760.29K","0.00%"
"06/05/2019","14,489.8","14,429.2","14,489.8","14,398.9","961.11K","0.42%"
"06/04/2019","14,429.2","14,489.8","14,520.2","14,247.3","858.58K","0.00%"
"06/03/2019","14,429.2","14,489.8","14,489.8","14,247.3","1.11M","-0.42%"
"05/31/2019","14,489.8","14,580.8","14,580.8","14,459.5","1.64M","-0.62%"
"05/30/2019","14,580.8","14,611.1","14,671.7","14,550.5","1.67M","0.00%"
"05/29/2019","14,580.8","14,398.9","14,641.4","14,398.9","1.33M","1.26%"
"05/28/2019","14,398.9","14,520.2","14,550.5","14,398.9","1.56M","-0.21%"
"05/27/2019","14,429.2","14,308.0","14,489.8","14,308.0","1.72M","0.85%"
"05/24/2019","14,308.0","14,247.3","14,429.2","14,186.7","1.00M","0.00%"
"05/23/2019","14,308.0","14,489.8","14,489.8","14,247.3","890.76K","-1.25%"
"05/22/2019","14,489.8","14,580.8","14,671.7","14,429.2","900.41K","0.00%"
"05/21/2019","14,489.8","14,489.8","14,520.2","14,398.9","967.18K","0.21%"
"05/20/2019","14,459.5","14,459.5","14,520.2","14,338.3","925.03K","0.21%"
"05/17/2019","14,429.2","14,156.4","14,429.2","14,126.1","1.63M","2.15%"
"05/16/2019","14,126.1","14,095.8","14,126.1","13,974.5","2.64M","0.65%"
"05/15/2019","14,035.1","13,944.2","14,035.1","13,883.6","3.61M","0.65%"
"05/14/2019","13,944.2","13,822.9","13,944.2","13,762.3","2.19M","0.44%"
"05/13/2019","13,883.6","13,701.7","14,065.5","13,701.7","2.52M","1.78%"
"05/10/2019","13,641.1","13,247.0","13,641.1","13,095.4","4.25M","4.65%"
"05/09/2019","13,034.8","13,034.8","13,216.7","13,004.5","2.83M","0.47%"
"05/08/2019","12,974.2","12,943.9","13,034.8","12,943.9","896.38K","-0.46%"
"05/07/2019","13,034.8","12,913.5","13,156.1","12,913.5","2.79M","0.94%"
"05/06/2019","12,913.5","12,852.9","12,974.2","12,671.0","536.38K","0.00%"
"05/03/2019","12,913.5","12,943.9","13,004.5","12,822.6","1.88M","-0.23%"
"05/02/2019","12,943.9","12,943.9","13,004.5","12,913.5","1.45M","0.00%"
"04/26/2019","12,943.9","12,852.9","13,034.8","12,852.9","1.73M","0.71%"
"04/25/2019","12,852.9","13,034.8","13,034.8","12,852.9","845.91K","-1.17%"
"04/24/2019","13,004.5","13,186.4","13,216.7","13,004.5","1.62M","-1.15%"
"04/23/2019","13,156.1","13,337.9","13,337.9","13,004.5","1.74M","-0.23%"
"04/22/2019","13,186.4","13,519.8","13,519.8","13,095.4","1.34M","-1.58%"
"04/19/2019","13,398.6","13,307.6","13,944.2","13,156.1","1.23M","1.14%"
"04/18/2019","13,247.0","13,428.9","13,489.5","13,216.7","1.20M","-1.13%"
"04/17/2019","13,398.6","13,459.2","13,459.2","13,277.3","913.54K","-0.45%"
"04/16/2019","13,459.2","13,550.1","13,610.8","13,307.6","579.82K","-1.11%"
"04/12/2019","13,610.8","13,822.9","13,822.9","13,519.8","337.44K","-0.22%"
"04/11/2019","13,641.1","13,428.9","13,641.1","13,398.6","1.43M","1.58%"
"04/10/2019","13,428.9","13,641.1","13,671.4","13,247.0","1.10M","-1.99%"
"04/09/2019","13,701.7","13,913.9","13,913.9","13,701.7","2.64M","-0.88%"
"04/08/2019","13,822.9","13,792.6","13,913.9","13,732.0","1.49M","0.44%"
"04/05/2019","13,762.3","13,822.9","14,065.5","13,762.3","1.11M","-0.22%"
"04/04/2019","13,792.6","13,732.0","13,822.9","13,610.8","1.37M","0.66%"
"04/03/2019","13,701.7","13,519.8","13,762.3","13,459.2","1.97M","1.57%"
"04/02/2019","13,489.5","13,701.7","13,762.3","13,459.2","1.20M","-1.55%"
"04/01/2019","13,701.7","12,913.5","13,762.3","12,822.6","1.31M","6.35%"
"03/29/2019","12,883.2","12,913.5","12,943.9","12,883.2","829.37K","0.24%"
"03/28/2019","12,852.9","12,762.0","12,883.2","12,701.4","833.18K","0.95%"
"03/27/2019","12,731.7","12,701.4","12,822.6","12,640.7","530.33K","0.48%"
"03/26/2019","12,671.0","12,671.0","12,913.5","12,671.0","556.09K","0.00%"
"03/25/2019","12,671.0","12,822.6","12,822.6","12,549.8","776.02K","-1.42%"
"03/22/2019","12,852.9","12,852.9","12,883.2","12,792.3","562.01K","0.24%"
"03/21/2019","12,822.6","12,913.5","12,913.5","12,671.0","832.90K","-0.24%"
"03/20/2019","12,852.9","12,883.2","12,913.5","12,701.4","1.14M","-0.24%"
"03/19/2019","12,883.2","12,913.5","12,943.9","12,822.6","1.27M","0.00%"
"03/18/2019","12,883.2","12,731.7","12,913.5","12,731.7","1.55M","1.19%"
"03/15/2019","12,731.7","12,883.2","12,943.9","12,731.7","574.32K","-1.41%"
"03/14/2019","12,913.5","12,943.9","12,943.9","12,731.7","461.69K","0.00%"
"03/13/2019","12,913.5","12,943.9","12,974.2","12,852.9","905.41K","0.47%"
"03/12/2019","12,852.9","12,610.4","12,852.9","12,610.4","1.10M","1.92%"
"03/11/2019","12,610.4","12,610.4","12,671.0","12,519.5","98.24K","-0.24%"
"03/08/2019","12,640.7","12,701.4","12,701.4","12,580.1","219.49K","-0.71%"
"03/07/2019","12,731.7","12,731.7","12,883.2","12,701.4","470.53K","0.48%"
"03/06/2019","12,671.0","12,701.4","12,762.0","12,610.4","308.97K","0.00%"
"03/05/2019","12,671.0","12,852.9","12,883.2","12,610.4","1.02M","-1.42%"
"03/04/2019","12,852.9","12,701.4","13,095.4","12,640.7","1.02M","1.19%"
"03/01/2019","12,701.4","12,580.1","12,701.4","12,549.8","764.05K","0.96%"
"02/28/2019","12,580.1","12,701.4","12,731.7","12,519.5","871.34K","-0.96%"
"02/27/2019","12,701.4","12,731.7","12,731.7","12,549.8","965.38K","-0.24%"
"02/26/2019","12,731.7","12,883.2","12,883.2","12,610.4","760.21K","-1.18%"
"02/25/2019","12,883.2","12,762.0","13,095.4","12,762.0","546.70K","1.19%"
"02/22/2019","12,731.7","12,640.7","12,822.6","12,580.1","574.20K","0.96%"
"02/21/2019","12,610.4","12,822.6","12,852.9","12,580.1","783.78K","-1.42%"
"02/20/2019","12,792.3","12,852.9","12,852.9","12,610.4","576.95K","0.00%"
"02/19/2019","12,792.3","12,913.5","12,913.5","12,731.7","462.96K","-0.71%"
"02/18/2019","12,883.2","12,943.9","12,943.9","12,762.0","456.93K","0.24%"
"02/15/2019","12,852.9","12,943.9","12,974.2","12,731.7","885.55K","-0.47%"
"02/14/2019","12,913.5","12,974.2","12,974.2","12,822.6","541.92K","-0.23%"
"02/13/2019","12,943.9","12,943.9","13,004.5","12,852.9","508.39K","0.24%"
"02/12/2019","12,913.5","12,913.5","13,004.5","12,883.2","639.60K","0.24%"
"02/11/2019","12,883.2","12,852.9","12,883.2","12,762.0","541.21K","1.43%"
"02/01/2019","12,701.4","12,671.0","12,731.7","12,610.4","219.97K","0.72%"
"01/31/2019","12,610.4","12,731.7","12,792.3","12,610.4","320.06K","-0.48%"
"01/30/2019","12,671.0","12,731.7","12,731.7","12,640.7","316.28K","0.97%"
"01/29/2019","12,549.8","12,762.0","12,792.3","12,519.5","457.14K","-1.66%"
"01/28/2019","12,762.0","12,883.2","12,883.2","12,731.7","378.33K","-0.47%"
"01/25/2019","12,822.6","12,913.5","12,943.9","12,822.6","595.92K","-0.47%"
"01/24/2019","12,883.2","12,792.3","13,034.8","12,731.7","448.55K","-2.52%"
"01/23/2019","13,216.7","12,671.0","13,216.7","12,549.8","1.57M","3.81%"
"01/22/2019","12,731.7","12,913.5","12,913.5","12,610.4","357.30K","0.00%"
"01/21/2019","12,731.7","12,640.7","13,034.8","12,610.4","476.88K","0.96%"
"01/18/2019","12,610.4","12,549.8","12,883.2","12,549.8","225.03K","0.48%"
"01/17/2019","12,549.8","12,731.7","12,731.7","12,519.5","170.58K","-0.48%"
"01/16/2019","12,610.4","12,822.6","12,883.2","12,610.4","199.63K","-1.42%"
"01/15/2019","12,792.3","13,065.1","13,065.1","12,549.8","729.91K","-4.31%"
"01/14/2019","13,368.2","12,731.7","13,368.2","11,822.3","438.27K","5.50%"
"01/11/2019","12,671.0","12,731.7","12,731.7","12,610.4","651.81K","0.24%"
"01/10/2019","12,640.7","12,489.2","12,762.0","12,489.2","785.51K","1.21%"
"01/09/2019","12,489.2","12,125.4","12,549.8","12,064.8","1.30M","4.57%"
"01/08/2019","11,943.5","12,004.1","12,186.0","11,852.6","239.00K","0.25%"
"01/07/2019","11,913.2","12,186.0","12,277.0","11,791.9","166.11K","1.03%"
"01/04/2019","11,791.9","11,822.3","11,822.3","11,337.2","269.43K","-0.26%"
"01/03/2019","11,822.3","12,064.8","12,307.3","11,731.3","144.82K","-2.26%"
"01/02/2019","12,095.1","12,307.3","12,307.3","11,822.3","168.01K","0.00%"
"12/28/2018","12,095.1","12,125.4","12,307.3","11,882.9","267.64K","0.00%"
"12/27/2018","12,095.1","12,428.5","12,428.5","12,095.1","302.52K","1.79%"
"12/26/2018","11,882.9","11,701.0","12,064.8","11,701.0","362.50K","1.55%"
"12/25/2018","11,701.0","12,125.4","12,125.4","11,519.1","338.58K","-3.74%"
"12/24/2018","12,155.7","12,246.6","12,246.6","12,125.4","290.05K","-0.25%"
"12/21/2018","12,186.0","12,246.6","12,337.6","12,155.7","435.68K","-0.99%"
"12/20/2018","12,307.3","12,307.3","12,398.2","12,277.0","319.00K","1.50%"
"12/19/2018","12,125.4","12,489.2","12,549.8","12,125.4","451.86K","-0.50%"
"12/18/2018","12,186.0","12,489.2","12,489.2","12,186.0","671.50K","-3.13%"
"12/17/2018","12,580.1","12,792.3","12,792.3","12,428.5","389.55K","-1.89%"
"12/14/2018","12,822.6","12,974.2","13,004.5","12,792.3","534.45K","-0.47%"
"12/13/2018","12,883.2","13,034.8","13,095.4","12,883.2","368.15K","0.00%"
"12/12/2018","12,883.2","12,822.6","12,974.2","12,822.6","351.21K","0.47%"
"12/11/2018","12,822.6","13,004.5","13,004.5","12,792.3","530.06K","-1.63%"
"12/10/2018","13,034.8","13,277.3","13,277.3","13,004.5","737.33K","-2.05%"
"12/07/2018","13,307.6","13,337.9","13,337.9","12,974.2","1.43M","6.12%"
"12/06/2018","12,540.4","12,540.4","12,682.4","12,445.8","1.22M","0.38%"
"12/05/2018","12,493.1","12,303.8","12,540.4","12,232.8","971.19K","1.54%"
"12/04/2018","12,303.8","12,516.7","12,540.4","12,303.8","649.76K","-1.70%"
"12/03/2018","12,516.7","12,256.5","12,540.4","12,067.2","1.00M","5.17%"
"11/30/2018","11,901.6","12,161.8","12,161.8","11,806.9","810.65K","-0.98%"
"11/29/2018","12,019.9","12,209.2","12,209.2","11,996.2","501.75K","0.00%"
"11/28/2018","12,019.9","12,256.5","12,256.5","11,830.6","662.56K","-1.93%"
"11/27/2018","12,256.5","12,493.1","12,516.7","12,161.8","662.16K","-2.08%"
"11/26/2018","12,516.7","12,540.4","12,753.4","12,516.7","1.27M","-3.82%"
"11/23/2018","13,013.6","13,297.6","13,297.6","12,966.3","2.23M","-2.14%"
"11/22/2018","13,297.6","13,013.6","13,297.6","12,729.7","2.67M","4.46%"
"11/21/2018","12,729.7","12,398.4","12,777.0","12,280.1","650.43K","2.67%"
"11/20/2018","12,398.4","12,422.1","12,422.1","12,351.1","605.25K","0.00%"
"11/19/2018","12,398.4","12,303.8","12,398.4","12,303.8","700.75K","0.96%"
"11/16/2018","12,280.1","12,114.5","12,303.8","12,114.5","532.81K","1.57%"
"11/15/2018","12,090.8","12,090.8","12,114.5","12,019.9","494.25K","0.20%"
"11/14/2018","12,067.2","12,043.5","12,114.5","12,043.5","381.74K","0.20%"
"11/13/2018","12,043.5","12,067.2","12,067.2","11,948.9","437.36K","-0.39%"
"11/12/2018","12,090.8","11,877.9","12,090.8","11,806.9","496.43K","1.79%"
"11/09/2018","11,877.9","11,972.5","12,114.5","11,830.6","1.19M","-0.79%"
"11/08/2018","11,972.5","11,830.6","12,019.9","11,664.9","1.34M","1.20%"
"11/07/2018","11,830.6","11,712.3","11,877.9","11,712.3","539.83K","1.01%"
"11/06/2018","11,712.3","11,712.3","11,783.3","11,688.6","524.64K","0.00%"
"11/05/2018","11,712.3","11,594.0","11,735.9","11,570.3","1.02M","3.12%"
"11/02/2018","11,357.4","12,209.2","12,327.5","11,357.4","1.08M","-6.80%"
"11/01/2018","12,185.5","12,540.4","12,540.4","12,161.8","602.97K","-0.39%"
"10/31/2018","12,232.8","12,067.2","12,232.8","12,067.2","651.53K","3.40%"
"10/30/2018","11,830.6","11,759.6","11,925.2","11,759.6","778.39K","0.60%"
"10/29/2018","11,759.6","11,759.6","11,783.3","11,664.9","458.66K","0.00%"
"10/26/2018","11,759.6","11,664.9","11,830.6","11,664.9","569.71K","1.43%"
"10/25/2018","11,594.0","11,570.3","11,617.6","11,428.3","528.10K","-0.20%"
"10/24/2018","11,617.6","11,570.3","11,664.9","11,546.6","668.23K","0.61%"
"10/23/2018","11,546.6","11,664.9","11,664.9","11,523.0","667.25K","-0.81%"
"10/22/2018","11,641.3","11,570.3","11,877.9","11,570.3","816.61K","0.61%"
"10/19/2018","11,570.3","11,546.6","11,594.0","11,452.0","651.26K","0.00%"
"10/18/2018","11,570.3","11,617.6","11,712.3","11,546.6","589.95K","-0.20%"
"10/17/2018","11,594.0","11,452.0","11,830.6","11,452.0","679.49K","1.45%"
"10/16/2018","11,428.3","11,381.0","11,475.7","11,357.4","694.83K","0.62%"
"10/15/2018","11,357.4","11,877.9","11,901.6","11,073.4","711.19K","-4.57%"
"10/12/2018","11,901.6","11,759.6","11,972.5","11,759.6","795.61K","1.00%"
"10/11/2018","11,783.3","11,830.6","12,303.8","11,783.3","1.06M","-6.74%"
"10/10/2018","12,635.1","12,635.1","12,682.4","12,587.7","1.18M","0.00%"
"10/09/2018","12,635.1","12,493.1","12,658.7","12,445.8","2.25M","0.19%"
"10/08/2018","12,611.4","12,800.7","12,800.7","12,540.4","1.24M","-1.30%"
"10/05/2018","12,777.0","12,824.3","12,848.0","12,706.0","1.46M","0.00%"
"10/04/2018","12,777.0","12,445.8","12,871.7","12,445.8","1.94M","2.66%"
"10/03/2018","12,445.8","12,398.4","12,469.4","12,374.8","1.04M","0.57%"
"10/02/2018","12,374.8","12,398.4","12,540.4","12,280.1","977.78K","-0.19%"
"10/01/2018","12,398.4","12,398.4","12,469.4","12,374.8","707.89K","0.00%"
"09/28/2018","12,398.4","12,303.8","12,398.4","12,256.5","796.85K","0.77%"
"09/27/2018","12,303.8","12,303.8","12,398.4","12,280.1","502.07K","0.00%"
"09/26/2018","12,303.8","12,303.8","12,564.1","12,209.2","593.31K","0.19%"
"09/25/2018","12,280.1","12,422.1","12,422.1","12,232.8","745.10K","-1.14%"
"09/24/2018","12,422.1","12,445.8","12,493.1","12,398.4","379.95K","0.00%"
"09/21/2018","12,422.1","12,422.1","12,493.1","12,398.4","969.92K","0.00%"
"09/20/2018","12,422.1","12,422.1","12,516.7","12,398.4","954.41K","0.19%"
"09/19/2018","12,398.4","12,374.8","12,422.1","12,303.8","852.41K","0.38%"
"09/18/2018","12,351.1","12,351.1","12,351.1","12,090.8","721.25K","0.00%"
"09/17/2018","12,351.1","12,398.4","12,398.4","12,303.8","627.21K","-0.38%"
"09/14/2018","12,398.4","12,398.4","12,445.8","12,374.8","625.98K","0.00%"
"09/13/2018","12,398.4","12,374.8","12,422.1","12,351.1","579.68K","0.38%"
"09/12/2018","12,351.1","12,351.1","12,469.4","12,303.8","657.85K","0.00%"
"09/11/2018","12,351.1","12,469.4","12,493.1","12,351.1","646.63K","-0.95%"
"09/10/2018","12,469.4","12,516.7","12,564.1","12,422.1","623.47K","0.00%"
"09/07/2018","12,469.4","12,185.5","12,469.4","12,161.8","706.28K","6.90%"
"09/06/2018","11,664.9","12,493.1","12,682.4","11,664.9","664.59K","-6.98%"
"09/05/2018","12,540.4","12,658.7","12,706.0","12,540.4","607.26K","-1.12%"
"09/04/2018","12,682.4","12,706.0","12,753.4","12,658.7","581.02K","-0.37%"
"08/31/2018","12,729.7","12,800.7","12,895.3","12,729.7","728.49K","-0.55%"
"08/30/2018","12,800.7","12,777.0","12,824.3","12,682.4","815.98K","0.00%"
"08/29/2018","12,800.7","12,729.7","12,824.3","12,682.4","746.56K","0.56%"
"08/28/2018","12,729.7","12,587.7","12,753.4","12,587.7","777.18K","0.75%"
"08/27/2018","12,635.1","12,587.7","12,635.1","12,587.7","555.51K","0.57%"
"08/24/2018","12,564.1","12,564.1","12,564.1","12,493.1","673.57K","0.19%"
"08/23/2018","12,540.4","12,398.4","12,635.1","12,398.4","793.96K","0.57%"
"08/22/2018","12,469.4","12,422.1","12,611.4","12,351.1","920.54K","0.38%"
"08/21/2018","12,422.1","12,303.8","12,422.1","12,303.8","659.33K","0.96%"
"08/20/2018","12,303.8","12,303.8","12,445.8","12,303.8","602.65K","-0.95%"
"08/17/2018","12,422.1","12,445.8","12,777.0","12,327.5","554.54K","0.77%"
"08/16/2018","12,327.5","12,114.5","12,351.1","12,114.5","496.59K","1.17%"
"08/15/2018","12,185.5","12,303.8","12,422.1","12,161.8","612.08K","-0.96%"
"08/14/2018","12,303.8","12,445.8","12,493.1","12,303.8","660.75K","0.00%"
"08/13/2018","12,303.8","12,114.5","12,327.5","11,996.2","711.82K","1.76%"
"08/10/2018","12,090.8","12,043.5","12,161.8","11,877.9","701.80K","0.59%"
"08/09/2018","12,019.9","11,594.0","12,161.8","11,594.0","974.61K","4.10%"
"08/08/2018","11,546.6","11,381.0","11,617.6","11,381.0","475.84K","1.46%"
"08/07/2018","11,381.0","11,333.7","11,404.7","11,333.7","202.78K","0.63%"
"08/06/2018","11,310.0","11,664.9","11,830.6","11,262.7","636.76K","-3.04%"
"08/03/2018","11,664.9","11,357.4","11,830.6","11,357.4","423.31K","-0.20%"
"08/02/2018","11,688.6","11,806.9","11,830.6","11,357.4","397.32K","-1.20%"
"08/01/2018","11,830.6","11,996.2","12,090.8","11,830.6","284.35K","-1.96%"
"07/31/2018","12,067.2","11,854.2","12,114.5","11,854.2","278.24K","-0.39%"
"07/30/2018","12,114.5","12,256.5","12,587.7","11,877.9","459.97K","-3.76%"
"07/27/2018","12,587.7","12,540.4","12,682.4","12,469.4","220.26K","0.38%"
"07/26/2018","12,540.4","12,493.1","12,682.4","12,469.4","155.78K","0.38%"
"07/25/2018","12,493.1","12,587.7","12,706.0","11,830.6","209.01K","-1.12%"
"07/24/2018","12,635.1","12,777.0","12,800.7","11,830.6","166.26K","-0.56%"
"07/23/2018","12,706.0","12,753.4","12,753.4","12,635.1","138.94K","-0.19%"
"07/20/2018","12,729.7","12,777.0","12,777.0","12,682.4","54.08K","0.00%"
"07/19/2018","12,729.7","12,753.4","12,777.0","12,635.1","116.54K","-0.37%"
"07/18/2018","12,777.0","12,706.0","12,824.3","12,611.4","523.60K","0.75%"
"07/17/2018","12,682.4","12,777.0","12,800.7","12,682.4","333.42K","-0.74%"
"07/16/2018","12,777.0","12,777.0","12,777.0","12,540.4","457.37K","-0.37%"
"07/13/2018","12,824.3","12,848.0","12,895.3","12,729.7","641.88K","1.31%"
"07/12/2018","12,658.7","12,635.1","12,682.4","12,564.1","293.54K","-0.19%"
"07/11/2018","12,682.4","12,871.7","12,871.7","12,587.7","174.19K","-1.47%"
"07/10/2018","12,871.7","12,777.0","12,871.7","12,729.7","589.02K","0.74%"
"07/09/2018","12,777.0","12,777.0","12,777.0","11,759.6","478.65K","1.12%"
"07/06/2018","12,635.1","11,972.5","12,635.1","11,972.5","727.18K","5.53%"
"07/05/2018","11,972.5","12,256.5","12,469.4","11,972.5","1.65M","-0.59%"
"07/04/2018","12,043.5","12,351.1","12,398.4","11,735.9","599.78K","-2.49%"
"07/03/2018","12,351.1","12,777.0","12,800.7","12,280.1","385.08K","-3.33%"
"07/02/2018","12,777.0","13,013.6","13,061.0","12,753.4","156.29K","-1.82%"
"06/29/2018","13,013.6","13,013.6","13,013.6","12,729.7","495.73K","1.85%"
"06/28/2018","12,777.0","13,084.6","13,084.6","12,777.0","93.76K","-2.35%"
"06/27/2018","13,084.6","13,108.3","13,155.6","12,777.0","89.51K","-0.54%"
"06/26/2018","13,155.6","12,398.4","13,202.9","12,398.4","214.36K","0.00%"
"06/25/2018","13,155.6","13,037.3","13,250.2","13,013.6","433.18K","1.09%"
"06/22/2018","13,013.6","12,919.0","13,013.6","12,919.0","243.69K","0.36%"
"06/21/2018","12,966.3","13,061.0","13,202.9","12,777.0","92.26K","0.00%"
"06/20/2018","12,966.3","12,824.3","13,013.6","12,824.3","1.37M","1.11%"
"06/19/2018","12,824.3","12,587.7","12,966.3","11,901.6","1.37M","0.37%"
"06/18/2018","12,777.0","13,155.6","13,155.6","12,777.0","94.01K","-2.88%"
"06/15/2018","13,155.6","13,321.2","13,321.2","13,131.9","55.49K","-0.71%"
"06/14/2018","13,250.2","13,344.9","13,344.9","13,131.9","48.58K","-0.71%"
"06/13/2018","13,344.9","13,344.9","13,392.2","13,250.2","234.96K","0.00%"
"06/12/2018","13,344.9","13,486.9","13,486.9","13,155.6","89.13K","-1.05%"
"06/11/2018","13,486.9","13,676.1","13,676.1","13,344.9","81.80K","-0.52%"
"06/08/2018","13,557.8","13,676.1","13,723.5","13,486.9","2.46M","-0.87%"
"06/07/2018","13,676.1","13,723.5","13,723.5","13,581.5","1.43M","0.00%"
"06/06/2018","13,676.1","13,818.1","13,865.4","13,628.8","1.79M","-1.70%"
"06/05/2018","13,912.8","14,007.4","14,007.4","13,676.1","970.37K","-0.34%"
"06/04/2018","13,960.1","13,297.6","14,102.0","13,226.6","819.28K","5.36%"
"06/01/2018","13,250.2","13,534.2","13,534.2","13,250.2","212.48K","0.00%"
"05/31/2018","13,250.2","13,534.2","13,557.8","13,250.2","607.22K","-2.44%"
"05/30/2018","13,581.5","13,605.2","13,699.8","13,439.5","362.37K","-0.35%"
"05/29/2018","13,628.8","13,013.6","13,652.5","13,013.6","1.25M","6.27%"
"05/28/2018","12,824.3","13,628.8","13,676.1","12,824.3","416.38K","-6.55%"
"05/25/2018","13,723.5","13,865.4","13,912.8","13,699.8","650.83K","-1.02%"
"05/24/2018","13,865.4","13,889.1","13,936.4","13,770.8","775.30K","-0.34%"
"05/23/2018","13,912.8","13,865.4","13,936.4","13,676.1","1.07M","0.34%"
"05/22/2018","13,865.4","13,983.7","14,078.4","13,534.2","876.12K","-0.85%"
"05/21/2018","13,983.7","14,078.4","14,078.4","13,936.4","717.42K","-0.51%"
"05/18/2018","14,054.7","13,912.8","14,102.0","13,794.5","984.63K","0.68%"
"05/17/2018","13,960.1","14,007.4","14,102.0","13,865.4","815.07K","0.00%"
"05/16/2018","13,960.1","14,102.0","14,125.7","13,818.1","1.11M","-1.01%"
"05/15/2018","14,102.0","13,960.1","14,125.7","13,628.8","990.34K","1.02%"
"05/14/2018","13,960.1","14,102.0","14,102.0","13,628.8","534.46K","-1.01%"
"05/11/2018","14,102.0","13,960.1","14,102.0","13,534.2","1.53M","1.02%"
"05/10/2018","13,960.1","14,196.7","14,196.7","13,723.5","390.92K","-1.67%"
"05/09/2018","14,196.7","14,244.0","14,244.0","14,007.4","779.61K","-0.33%"
"05/08/2018","14,244.0","14,669.9","14,669.9","14,102.0","1.18M","0.33%"
"05/07/2018","14,196.7","14,149.4","14,196.7","13,818.1","570.13K","0.67%"
"05/04/2018","14,102.0","14,409.6","14,409.6","13,960.1","565.48K","0.00%"
"05/03/2018","14,102.0","14,102.0","14,102.0","13,723.5","861.45K","0.00%"
"05/02/2018","14,102.0","14,622.6","14,622.6","14,054.7","990.95K","-1.32%"
"04/27/2018","14,291.3","14,173.0","14,291.3","13,889.1","1.66M","1.68%"
"04/26/2018","14,054.7","14,527.9","14,622.6","13,960.1","1.31M","-3.57%"
"04/24/2018","14,575.3","14,338.7","14,669.9","13,581.5","2.29M","0.00%"
"04/23/2018","14,575.3","15,379.7","15,427.1","14,338.7","1.94M","-5.23%"
"04/20/2018","15,379.7","15,521.7","15,521.7","15,095.8","4.16M","0.15%"